key;gender;frequency;probability;yoform
августа;Ж;13000;0.00016131402133159537;августа
августина;Ж;5000;6.204385435830592e-05;августина
авдотья;Ж;2000;2.4817541743322365e-05;авдотья
авентина;Ж;7;8.686139610162828e-08;авентина
авия;Ж;114;1.4145998793693748e-06;авия
аврелия;Ж;555;6.886867833771957e-06;аврелия
аврора;Ж;66000;0.0008189788775296381;аврора
агапея;Ж;4;4.963508348664473e-08;агапея
агата;Ж;23000;0.00028540173004820723;агата
агафа;Ж;22;2.72992959176546e-07;агафа
агафия;Ж;217;2.692703279150477e-06;агафия
агафья;Ж;2000;2.4817541743322365e-05;агафья
аглаида;Ж;141;1.7496366929042268e-06;аглаида
аглая;Ж;3000;3.722631261498355e-05;аглая
агнесса;Ж;5000;6.204385435830592e-05;агнесса
агния;Ж;7000;8.686139610162828e-05;агния
аграфена;Ж;2000;2.4817541743322365e-05;аграфена
агриппина;Ж;2000;2.4817541743322365e-05;агриппина
ада;Ж;25000;0.0003102192717915296;ада
аделаида;Ж;178000;0.0022087612151556906;аделаида
аделина;Ж;36000;0.0004467157513798026;аделина
адельфина;Ж;91;1.1291981493211677e-06;адельфина
адолия;Ж;12;1.489052504599342e-07;адолия
аза;Ж;10000;0.00012408770871661184;аза
азалия;Ж;15000;0.00018613156307491774;азалия
азария;Ж;133;1.6503665259309374e-06;азария
азелла;Ж;33;4.0948943876481905e-07;азелла
аида;Ж;66000;0.0008189788775296381;аида
акилина;Ж;2000;2.4817541743322365e-05;акилина
аксинья;Ж;6000;7.44526252299671e-05;аксинья
акулина;Ж;3000;3.722631261498355e-05;акулина
албина;Ж;1000;1.2408770871661182e-05;албина
алевтина;Ж;71000;0.000881022731887944;алевтина
александра;Ж;994000;0.012334318246431216;александра
александрина;Ж;5000;6.204385435830592e-05;александрина
алексина;Ж;2000;2.4817541743322365e-05;алексина
алена;Ж;1000000;0.012408770871661184;алёна
алина;Ж;925000;0.011478113056286593;алина
алиса;Ж;260000;0.0032262804266319075;алиса
алла;Ж;499000;0.00619197666495893;алла
альбина;Ж;247000;0.003064966405300312;альбина
альвина;Ж;6000;7.44526252299671e-05;альвина
альфа;Ж;44000;0.0005459859183530921;альфа
альфия;Ж;74000;0.0009182490445029275;альфия
амалия;Ж;15000;0.00018613156307491774;амалия
анания;Ж;521;6.464969624135476e-06;анания
анастасия;Ж;2000000;0.024817541743322367;анастасия
анатолия;Ж;1000;1.2408770871661182e-05;анатолия
ангела;Ж;4000;4.963508348664473e-05;ангела
ангелина;Ж;270000;0.0033503681353485196;ангелина
андрона;Ж;21;2.605841883048848e-07;андрона
анжелика;Ж;215000;0.0026678857374071545;анжелика
анимаиса;Ж;52;6.452560853263815e-07;анимаиса
аниса;Ж;9000;0.00011167893784495065;аниса
анисия;Ж;2000;2.4817541743322365e-05;анисия
анисья;Ж;2000;2.4817541743322365e-05;анисья
анна;Ж;2000000;0.024817541743322367;анна
антониана;Ж;24;2.978105009198684e-07;антониана
антонида;Ж;7000;8.686139610162828e-05;антонида
антонина;Ж;169000;0.00209708227731074;антонина
антония;Ж;1000;1.2408770871661182e-05;антония
анфея;Ж;48;5.956210018397368e-07;анфея
анфиза;Ж;72;8.934315027596052e-07;анфиза
анфиса;Ж;28000;0.00034744558440651314;анфиса
анфия;Ж;77;9.55475357117911e-07;анфия
анфуса;Ж;17;2.109491048182401e-07;анфуса
аполлинария;Ж;4000;4.963508348664473e-05;аполлинария
аполлония;Ж;420;5.211683766097697e-06;аполлония
апраксия;Ж;9;1.1167893784495065e-07;апраксия
апрель;Ж;5000;6.204385435830592e-05;апрель
апфия;Ж;16;1.9854033394657893e-07;апфия
аргентина;Ж;3000000;0.03722631261498355;аргентина
арефа;Ж;35;4.343069805081414e-07;арефа
ариадна;Ж;7000;8.686139610162828e-05;ариадна
арина;Ж;200000;0.0024817541743322367;арина
ария;Ж;2000;2.4817541743322365e-05;ария
аркадия;Ж;8000;9.927016697328946e-05;аркадия
арсения;Ж;1000;1.2408770871661182e-05;арсения
артема;Ж;72000;0.0008934315027596052;артема
артемида;Ж;1000;1.2408770871661182e-05;артемида
артемия;Ж;883;1.0956944679676825e-05;артемия
архелая;Ж;13;1.6131402133159538e-07;архелая
аскитрея;Ж;1;1.2408770871661183e-08;аскитрея
аскитрия;Ж;1;1.2408770871661183e-08;аскитрия
аста;Ж;1000;1.2408770871661182e-05;аста
астра;Ж;6000;7.44526252299671e-05;астра
афанасия;Ж;312;3.871536511958289e-06;афанасия
афимия;Ж;6;7.44526252299671e-08;афимия
афимья;Ж;1;1.2408770871661183e-08;афимья
афросинья;Ж;35;4.343069805081414e-07;афросинья
аэлита;Ж;9000;0.00011167893784495065;аэлита
беатриса;Ж;1000;1.2408770871661182e-05;беатриса
белла;Ж;27000;0.00033503681353485193;белла
бенедикта;Ж;124;1.5386875880859866e-06;бенедикта
берта;Ж;3000;3.722631261498355e-05;берта
бландина;Ж;40;4.963508348664473e-07;бландина
богдана;Ж;22000;0.00027299295917654603;богдана
божена;Ж;4000;4.963508348664473e-05;божена
болеслава;Ж;110;1.36496479588273e-06;болеслава
борислава;Ж;1000;1.2408770871661182e-05;борислава
бояна;Ж;251;3.114601488786957e-06;бояна
бронислава;Ж;3000;3.722631261498355e-05;бронислава
валенсия;Ж;408000;0.005062778515637763;валенсия
валентина;Ж;1000000;0.012408770871661184;валентина
валерия;Ж;544000;0.006750371354183684;валерия
ванда;Ж;5000;6.204385435830592e-05;ванда
варвара;Ж;70000;0.0008686139610162828;варвара
василида;Ж;20;2.4817541743322367e-07;василида
василина;Ж;26000;0.00032262804266319073;василина
василиса;Ж;75000;0.0009306578153745887;василиса
василия;Ж;2000;2.4817541743322365e-05;василия
васса;Ж;2000;2.4817541743322365e-05;васса
вацлава;Ж;137;1.700001609417582e-06;вацлава
вельмира;Ж;32;3.9708066789315785e-07;вельмира
венедикта;Ж;23;2.854017300482072e-07;венедикта
венера;Ж;79000;0.0009802928988612335;венера
венцеслава;Ж;47;5.832122309680756e-07;венцеслава
вера;Ж;653000;0.008102927379194753;вера
вероника;Ж;406000;0.00503796097389444;вероника
верония;Ж;80;9.927016697328947e-07;верония
веста;Ж;8000;9.927016697328946e-05;веста
видана;Ж;260;3.2262804266319076e-06;видана
викентия;Ж;86;1.0671542949628617e-06;викентия
викторина;Ж;2000;2.4817541743322365e-05;викторина
виктория;Ж;5000000;0.062043854358305915;виктория
вилена;Ж;6000;7.44526252299671e-05;вилена
виленина;Ж;33;4.0948943876481905e-07;виленина
виола;Ж;12000;0.0001489052504599342;виола
виолетта;Ж;104000;0.001290512170652763;виолетта
виргиния;Ж;2000;2.4817541743322365e-05;виргиния
виринея;Ж;623;7.730664253044917e-06;виринея
вита;Ж;59000;0.0007321174814280098;вита
виталина;Ж;24000;0.0002978105009198684;виталина
виталия;Ж;14000;0.00017372279220325657;виталия
витольда;Ж;84;1.0423367532195393e-06;витольда
влада;Ж;101000;0.0012532858580377795;влада
владилена;Ж;2000;2.4817541743322365e-05;владилена
владимира;Ж;7000;8.686139610162828e-05;владимира
владислава;Ж;34000;0.00042189820963648024;владислава
владлена;Ж;13000;0.00016131402133159537;владлена
воля;Ж;15000;0.00018613156307491774;воля
всемила;Ж;32;3.9708066789315785e-07;всемила
гала;Ж;7000;8.686139610162828e-05;гала
галатея;Ж;756;9.381030778975855e-06;галатея
галина;Ж;2000000;0.024817541743322367;галина
галя;Ж;122000;0.0015138700463426644;галя
гая;Ж;6000;7.44526252299671e-05;гая
гаяна;Ж;4000;4.963508348664473e-05;гаяна
гелиана;Ж;72;8.934315027596052e-07;гелиана
гелия;Ж;1000;1.2408770871661182e-05;гелия
геннадия;Ж;604;7.494897606483354e-06;геннадия
геновефа;Ж;24;2.978105009198684e-07;геновефа
генриетта;Ж;3000;3.722631261498355e-05;генриетта
георгина;Ж;563;6.986138000745246e-06;георгина
германа;Ж;3000;3.722631261498355e-05;германа
герта;Ж;302;3.747448803241677e-06;герта
гертруда;Ж;1000;1.2408770871661182e-05;гертруда
гея;Ж;116;1.4394174211126972e-06;гея
глафира;Ж;5000;6.204385435830592e-05;глафира
гликерия;Ж;485;6.018253872755674e-06;гликерия
глория;Ж;9000;0.00011167893784495065;глория
горгония;Ж;20;2.4817541743322367e-07;горгония
горислава;Ж;864;1.0721178033115263e-05;горислава
гортензия;Ж;157;1.9481770268508058e-06;гортензия
градислава;Ж;78;9.678841279895723e-07;градислава
григория;Ж;1000;1.2408770871661182e-05;григория
даная;Ж;778;9.6540237381524e-06;даная
даниила;Ж;778;9.6540237381524e-06;даниила
дария;Ж;24000;0.0002978105009198684;дария
дарья;Ж;775000;0.009616797425537416;дарья
дасия;Ж;13;1.6131402133159538e-07;дасия
дебора;Ж;368;4.5664276807713155e-06;дебора
девора;Ж;108;1.3401472541394078e-06;девора
декабрина;Ж;259;3.2138716557602464e-06;декабрина
денисия;Ж;2;2.4817541743322366e-08;денисия
дея;Ж;62;7.693437940429933e-07;дея
диана;Ж;53000;0.0006576648561980427;диана
дигна;Ж;1;1.2408770871661183e-08;дигна
дина;Ж;13300;0.00016503665259309374;дина
дионисия;Ж;11;1.36496479588273e-07;дионисия
дия;Ж;82;1.017519211476217e-06;дия
добромила;Ж;3;3.722631261498355e-08;добромила
доброслава;Ж;8;9.927016697328946e-08;доброслава
домна;Ж;500;6.204385435830591e-06;домна
домника;Ж;39;4.839420639947861e-07;домника
домникия;Ж;31;3.8467189702149665e-07;домникия
донара;Ж;68;8.437964192729604e-07;донара
дора;Ж;700;8.686139610162828e-06;дора
дорофея;Ж;15;1.8613156307491775e-07;дорофея
дросида;Ж;1;1.2408770871661183e-08;дросида
ева;Ж;10600;0.00013153297123960853;ева
евангелина;Ж;300;3.7226312614983547e-06;евангелина
еванфия;Ж;2;2.4817541743322366e-08;еванфия
евгения;Ж;98400;0.0012210230537714605;евгения
евдения;Ж;1;1.2408770871661183e-08;евдения
евдокия;Ж;2000;2.4817541743322365e-05;евдокия
евдоксия;Ж;6;7.44526252299671e-08;евдоксия
евлалия;Ж;21;2.605841883048848e-07;евлалия
евлампия;Ж;200;2.4817541743322365e-06;евлампия
евника;Ж;7;8.686139610162828e-08;евника
евпраксия;Ж;18;2.233578756899013e-07;евпраксия
евстафия;Ж;1;1.2408770871661183e-08;евстафия
евстолия;Ж;20;2.4817541743322367e-07;евстолия
евтропия;Ж;1;1.2408770871661183e-08;евтропия
евфалия;Ж;7;8.686139610162828e-08;евфалия
евфимия;Ж;10;1.2408770871661184e-07;евфимия
евфросиния;Ж;27;3.3503681353485196e-07;евфросиния
екатерина;Ж;200000;0.0024817541743322367;екатерина
елена;Ж;500000;0.006204385435830592;елена
елизавета;Ж;32100;0.000398321544980324;елизавета
еликонида;Ж;5;6.204385435830592e-08;еликонида
елисавета;Ж;85;1.0547455240912005e-06;елисавета
емельяна;Ж;8;9.927016697328946e-08;емельяна
емилия;Ж;200;2.4817541743322365e-06;емилия
епистимия;Ж;1;1.2408770871661183e-08;епистимия
ефимия;Ж;37;4.5912452225146374e-07;ефимия
ефимья;Ж;1;1.2408770871661183e-08;ефимья
ефросиния;Ж;100;1.2408770871661182e-06;ефросиния
ефросинья;Ж;300;3.7226312614983547e-06;ефросинья
жанна;Ж;30700;0.0003809492657599983;жанна
зара;Ж;1100;1.36496479588273e-05;зара
зарема;Ж;2400;2.9781050091986838e-05;зарема
захария;Ж;100;1.2408770871661182e-06;захария
земфира;Ж;1500;1.8613156307491774e-05;земфира
зенона;Ж;2;2.4817541743322366e-08;зенона
зина;Ж;2900;3.598543552781743e-05;зина
зинаида;Ж;9900;0.00012284683162944572;зинаида
зиновия;Ж;29;3.598543552781743e-07;зиновия
злата;Ж;3500;4.343069805081414e-05;злата
зорина;Ж;3300;4.0948943876481906e-05;зорина
зосима;М;95;1.1788332328078125e-06;зосима
зоя;Ж;15100;0.00018737244016208386;зоя
ива;Ж;1100;1.36496479588273e-05;ива
иванна;Ж;1700;2.109491048182401e-05;иванна
ида;Ж;9800;0.0001216059545422796;ида
идея;Ж;400;4.963508348664473e-06;идея
изабелла;Ж;1500;1.8613156307491774e-05;изабелла
изида;Ж;53;6.576648561980427e-07;изида
изольда;Ж;600;7.4452625229967095e-06;изольда
илария;Ж;80;9.927016697328947e-07;илария
ильина;Ж;11500;0.00014270086502410362;ильина
инга;Ж;8400;0.00010423367532195393;инга
инесса;Ж;5300;6.576648561980426e-05;инесса
инна;Ж;59000;0.0007321174814280098;инна
иоанна;Ж;500;6.204385435830591e-06;иоанна
иоланта;Ж;200;2.4817541743322365e-06;иоланта
ираида;Ж;1700;2.109491048182401e-05;ираида
ирина;Ж;400000;0.004963508348664473;ирина
ирма;Ж;900;1.1167893784495064e-05;ирма
исаия;Ж;3;3.722631261498355e-08;исаия
исидора;Ж;23;2.854017300482072e-07;исидора
искра;Ж;1900;2.3576664656156247e-05;искра
иулиания;Ж;27;3.3503681353485196e-07;иулиания
иустина;Ж;8;9.927016697328946e-08;иустина
казимира;Ж;800;9.927016697328946e-06;казимира
калерия;Ж;500;6.204385435830591e-06;калерия
калина;Ж;1500;1.8613156307491774e-05;калина
калиса;Ж;22;2.72992959176546e-07;калиса
каллиста;Ж;9;1.1167893784495065e-07;каллиста
камилла;Ж;4000;4.963508348664473e-05;камилла
капитолина;Ж;300;3.7226312614983547e-06;капитолина
карина;Ж;40800;0.0005062778515637763;карина
каролина;Ж;300000;0.0037226312614983548;каролина
касиния;Ж;3;3.722631261498355e-08;касиния
катерина;Ж;34500;0.0004281025950723108;катерина
кикилия;Ж;1;1.2408770871661183e-08;кикилия
ким;М;19400;0.00024073015491022696;ким
кима;Ж;100;1.2408770871661182e-06;кима
кира;Ж;14300;0.0001774454234647549;кира
кириена;Ж;8;9.927016697328946e-08;кириена
клавдея;Ж;1;1.2408770871661183e-08;клавдея
клавдия;Ж;3500;4.343069805081414e-05;клавдия
клара;Ж;6000;7.44526252299671e-05;клара
клариса;Ж;56;6.948911688130262e-07;клариса
клементина;Ж;200;2.4817541743322365e-06;клементина
клеопатра;Ж;500;6.204385435830591e-06;клеопатра
конкордия;Ж;800;9.927016697328946e-06;конкордия
констанция;Ж;200;2.4817541743322365e-06;констанция
корнелия;Ж;200;2.4817541743322365e-06;корнелия
крискентия;Ж;4;4.963508348664473e-08;крискентия
кристина;Ж;96300;0.001194964634940972;кристина
ксения;Ж;75300;0.0009343804466360871;ксения
ксенья;Ж;500;6.204385435830591e-06;ксенья
кулина;Ж;200;2.4817541743322365e-06;кулина
купава;Ж;93;1.15401569106449e-06;купава
лавра;Ж;43;5.335771474814308e-07;лавра
лада;Ж;4600;5.708034600964144e-05;лада
лариса;Ж;83600;0.001037373244870875;лариса
ларисса;Ж;400;4.963508348664473e-06;ларисса
лаура;Ж;4100;5.087596057381085e-05;лаура
леда;Ж;90;1.1167893784495065e-06;леда
лемира;Ж;4;4.963508348664473e-08;лемира
ленина;Ж;49900;0.000619197666495893;ленина
леокадия;Ж;200;2.4817541743322365e-06;леокадия
леонида;Ж;100;1.2408770871661182e-06;леонида
леонилла;Ж;18;2.233578756899013e-07;леонилла
леония;Ж;3;3.722631261498355e-08;леония
леонтина;Ж;28;3.474455844065131e-07;леонтина
леонтия;Ж;6;7.44526252299671e-08;леонтия
лея;Ж;200;2.4817541743322365e-06;лея
лиана;Ж;7300;9.058402736312663e-05;лиана
ливия;Ж;6100;7.569350231713321e-05;ливия
лидия;Ж;29600;0.00036729961780117103;лидия
лизавета;Ж;700;8.686139610162828e-06;лизавета
лилиана;Ж;1500;1.8613156307491774e-05;лилиана
лилия;Ж;41300;0.0005124822369996069;лилия
лина;Ж;7900;9.802928988612334e-05;лина
лира;Ж;1000;1.2408770871661182e-05;лира
лия;Ж;4000;4.963508348664473e-05;лия
лолия;Ж;4;4.963508348664473e-08;лолия
лолла;Ж;57;7.072999396846874e-07;лолла
луиза;Ж;4900;6.08029772711398e-05;луиза
лукерья;Ж;200;2.4817541743322365e-06;лукерья
лукия;Ж;13;1.6131402133159538e-07;лукия
лукреция;Ж;28;3.474455844065131e-07;лукреция
любава;Ж;700;8.686139610162828e-06;любава
любовь;Ж;88100;0.0010932127137933503;любовь
любомила;Ж;100;1.2408770871661182e-06;любомила
любомира;Ж;200;2.4817541743322365e-06;любомира
людмила;Ж;200000;0.0024817541743322367;людмила
люция;Ж;1500;1.8613156307491774e-05;люция
мавра;Ж;27;3.3503681353485196e-07;мавра
магда;Ж;300;3.7226312614983547e-06;магда
магдалина;Ж;300;3.7226312614983547e-06;магдалина
маина;Ж;100;1.2408770871661182e-06;маина
майя;Ж;8700;0.00010795630658345229;майя
малания;Ж;43;5.335771474814308e-07;малания
маланья;Ж;15;1.8613156307491775e-07;маланья
малина;Ж;2100;2.6058418830488483e-05;малина
мальвина;Ж;1100;1.36496479588273e-05;мальвина
манефа;Ж;13;1.6131402133159538e-07;манефа
маргарита;Ж;37400;0.00046408803060012826;маргарита
мариам;Ж;800;9.927016697328946e-06;мариам
мариамна;Ж;8;9.927016697328946e-08;мариамна
мариана;Ж;800;9.927016697328946e-06;мариана
марианна;Ж;6700;8.313876484012993e-05;марианна
маримьяна;Ж;4;4.963508348664473e-08;маримьяна
марин;М;800;9.927016697328946e-06;марин
марина;Ж;200000;0.0024817541743322367;марина
марионелла;Ж;22;2.72992959176546e-07;марионелла
марионилла;Ж;2;2.4817541743322366e-08;марионилла
мария;Ж;200000;0.0024817541743322367;мария
марлена;Ж;42;5.211683766097696e-07;марлена
марта;Ж;10300;0.00012781033997811018;марта
мартина;Ж;600;7.4452625229967095e-06;мартина
мартиниана;Ж;1;1.2408770871661183e-08;мартиниана
марфа;Ж;800;9.927016697328946e-06;марфа
марья;Ж;1000;1.2408770871661182e-05;марья
марьям;Ж;2100;2.6058418830488483e-05;марьям
марьян;Ж;300;3.7226312614983547e-06;марьян
марьяна;Ж;4200;5.2116837660976966e-05;марьяна
мастридия;Ж;19;2.3576664656156247e-07;мастридия
матильда;Ж;300;3.7226312614983547e-06;матильда
матрена;Ж;300;3.7226312614983547e-06;матрёна
матрона;Ж;30;3.722631261498355e-07;матрона
мая;Ж;4100;5.087596057381085e-05;мая
мелания;Ж;200;2.4817541743322365e-06;мелания
меланья;Ж;200;2.4817541743322365e-06;меланья
мелитина;Ж;10;1.2408770871661184e-07;мелитина
милана;Ж;9200;0.00011416069201928288;милана
милена;Ж;6500;8.065701066579768e-05;милена
милица;Ж;200;2.4817541743322365e-06;милица
милия;Ж;37;4.5912452225146374e-07;милия
милослава;Ж;100;1.2408770871661182e-06;милослава
мина;М;1400;1.7372279220325655e-05;мина
минодора;Ж;5;6.204385435830592e-08;минодора
мира;Ж;9200;0.00011416069201928288;мира
звезда;Ж;2800;3.474455844065131e-05;звезда
миропия;Ж;25;3.1021927179152956e-07;миропия
мирослава;Ж;5200;6.452560853263815e-05;мирослава
мирра;Ж;300;3.7226312614983547e-06;мирра
михайла;Ж;100;1.2408770871661182e-06;михайла
михайлина;Ж;500;6.204385435830591e-06;михайлина
моника;Ж;5700;7.072999396846874e-05;моника
муза;Ж;600;7.4452625229967095e-06;муза
надежда;Ж;100000;0.0012408770871661183;надежда
нана;Ж;1100;1.36496479588273e-05;нана
настасия;Ж;200;2.4817541743322365e-06;настасия
настасья;Ж;2900;3.598543552781743e-05;настасья
наталия;Ж;74400;0.0009232125528515921;наталия
наталья;Ж;300000;0.0037226312614983548;наталья
нелли;Ж;7000;8.686139610162828e-05;нелли
ненила;Ж;3;3.722631261498355e-08;ненила
неолина;Ж;6;7.44526252299671e-08;неолина
неонила;Ж;400;4.963508348664473e-06;неонила
неонилла;Ж;56;6.948911688130262e-07;неонилла
ника;Ж;15300;0.0001898541943364161;ника
нила;Ж;400;4.963508348664473e-06;нила
нина;Ж;64800;0.0008040883524836446;нина
нинель;Ж;1200;1.4890525045993419e-05;нинель
новелла;Ж;44;5.45985918353092e-07;новелла
нонна;Ж;1600;1.9854033394657892e-05;нонна
ноябрина;Ж;16;1.9854033394657893e-07;ноябрина
нунехия;Ж;1;1.2408770871661183e-08;нунехия
оксана;Ж;200000;0.0024817541743322367;оксана
октавия;Ж;61;7.569350231713321e-07;октавия
октябрина;Ж;400;4.963508348664473e-06;октябрина
олда;Ж;2000;2.4817541743322365e-05;олда
олимпиада;Ж;300;3.7226312614983547e-06;олимпиада
олимпия;Ж;1700;2.109491048182401e-05;олимпия
ольга;Ж;400000;0.004963508348664473;ольга
павла;Ж;600;7.4452625229967095e-06;павла
павлина;Ж;400;4.963508348664473e-06;павлина
паисия;Ж;93;1.15401569106449e-06;паисия
палагея;Ж;2;2.4817541743322366e-08;палагея
пальмира;Ж;1200;1.4890525045993419e-05;пальмира
папа;Ж;2100;2.6058418830488483e-05;папа
параскева;Ж;45;5.583946892247532e-07;параскева
парасковея;Ж;3;3.722631261498355e-08;парасковея
парасковья;Ж;36;4.467157513798026e-07;парасковья
пелагея;Ж;900;1.1167893784495064e-05;пелагея
пелагия;Ж;46;5.708034600964144e-07;пелагия
петра;Ж;21900;0.0002717520820893799;петра
петрония;Ж;1;1.2408770871661183e-08;петрония
пиама;Ж;2;2.4817541743322366e-08;пиама
пистимея;Ж;1;1.2408770871661183e-08;пистимея
платонида;Ж;4;4.963508348664473e-08;платонида
победа;Ж;1600;1.9854033394657892e-05;победа
поликсена;Ж;91;1.1291981493211677e-06;поликсена
поликсения;Ж;6;7.44526252299671e-08;поликсения
полина;Ж;44100;0.0005472267954402582;полина
полинария;Ж;17;2.109491048182401e-07;полинария
прасковея;Ж;500;6.204385435830591e-06;прасковея
прасковья;Ж;700;8.686139610162828e-06;прасковья
пульхерия;Ж;100;1.2408770871661182e-06;пульхерия
рада;Ж;27000;0.00033503681353485193;рада
радислава;Ж;199;2.4693454034605753e-06;радислава
радмила;Ж;9000;0.00011167893784495065;радмила
радомира;Ж;147;1.824089318134194e-06;радомира
раиса;Ж;147000;0.0018240893181341938;раиса
раисья;Ж;36;4.467157513798026e-07;раисья
рафаила;Ж;30;3.722631261498355e-07;рафаила
рахиль;Ж;435;5.3978153291726145e-06;рахиль
рева;Ж;13000;0.00016131402133159537;рева
ревекка;Ж;493;6.117524039728963e-06;ревекка
ревмира;Ж;128;1.5883226715726314e-06;ревмира
регина;Ж;124000;0.0015386875880859868;регина
рената;Ж;30000;0.0003722631261498355;рената
римма;Ж;93000;0.00115401569106449;римма
рипсимия;Ж;16;1.9854033394657893e-07;рипсимия
рита;Ж;114000;0.001414599879369375;рита
рогнеда;Ж;1000;1.2408770871661182e-05;рогнеда
роза;Ж;156000;0.0019357682559791446;роза
розалия;Ж;18000;0.0002233578756899013;розалия
роксана;Ж;12000;0.0001489052504599342;роксана
романа;Ж;9000;0.00011167893784495065;романа
ростислава;Ж;2000;2.4817541743322365e-05;ростислава
руслана;Ж;53000;0.0006576648561980427;руслана
руфима;Ж;41;5.087596057381085e-07;руфима
руфина;Ж;16000;0.00019854033394657892;руфина
руфь;Ж;340;4.218982096364802e-06;руфь
сабина;Ж;67000;0.0008313876484012993;сабина
саломея;Ж;1000;1.2408770871661182e-05;саломея
саломия;Ж;58;7.197087105563486e-07;саломия
сальвия;Ж;141;1.7496366929042268e-06;сальвия
сатира;Ж;237;2.9408786965837005e-06;сатира
светислава;Ж;68;8.437964192729604e-07;светислава
светлана;Ж;3000000;0.03722631261498355;светлана
светозара;Ж;163;2.022629652080773e-06;светозара
свобода;Ж;14000;0.00017372279220325657;свобода
святослава;Ж;5000;6.204385435830592e-05;святослава
севастьяна;Ж;64;7.941613357863157e-07;севастьяна
секлетинья;Ж;10;1.2408770871661184e-07;секлетинья
серафима;Ж;12000;0.0001489052504599342;серафима
сильва;Ж;4000;4.963508348664473e-05;сильва
сильвана;Ж;184;2.2832138403856577e-06;сильвана
сильвия;Ж;5000;6.204385435830592e-05;сильвия
соломея;Ж;139;1.7248191511609044e-06;соломея
соломонида;Ж;20;2.4817541743322367e-07;соломонида
соломония;Ж;125;1.5510963589576478e-06;соломония
софия;Ж;239000;0.002965696238327023;софия
софья;Ж;137000;0.001700001609417582;софья
станислава;Ж;11000;0.00013649647958827301;станислава
стелла;Ж;23000;0.00028540173004820723;стелла
степанида;Ж;2000;2.4817541743322365e-05;степанида
стефана;Ж;180;2.233578756899013e-06;стефана
стефанида;Ж;308;3.821901428471644e-06;стефанида
стефания;Ж;7000;8.686139610162828e-05;стефания
сусанна;Ж;18000;0.0002233578756899013;сусанна
таиса;Ж;6000;7.44526252299671e-05;таиса
таисия;Ж;54000;0.0006700736270697039;таисия
таисья;Ж;2000;2.4817541743322365e-05;таисья
тамара;Ж;383000;0.004752559243846233;тамара
тамила;Ж;19000;0.00023576664656156247;тамила
тарасия;Ж;9;1.1167893784495065e-07;тарасия
татьяна;Ж;4000000;0.049635083486644735;татьяна
слава;Ж;273000;0.003387594447963503;слава
тереза;Ж;5000;6.204385435830592e-05;тереза
терезия;Ж;68;8.437964192729604e-07;терезия
томила;Ж;403;5.000734661279457e-06;томила
улита;Ж;309;3.834310199343305e-06;улита
ульяна;Ж;144000;0.0017868630055192104;ульяна
урсула;Ж;880;1.091971836706184e-05;урсула
устина;Ж;1000;1.2408770871661182e-05;устина
устиния;Ж;105;1.3029209415244242e-06;устиния
устинья;Ж;1000;1.2408770871661182e-05;устинья
фавста;Ж;22;2.72992959176546e-07;фавста
фавстина;Ж;18;2.233578756899013e-07;фавстина
фаина;Ж;31000;0.0003846718970214967;фаина
феврония;Ж;261;3.238689197503569e-06;феврония
февронья;Ж;98;1.2160595454227958e-06;февронья
федора;Ж;2000;2.4817541743322365e-05;федора
федосея;Ж;9;1.1167893784495065e-07;федосея
федосия;Ж;216;2.6802945082788157e-06;федосия
федосья;Ж;795;9.86497284297064e-06;федосья
федотия;Ж;23;2.854017300482072e-07;федотия
федотья;Ж;16;1.9854033394657893e-07;федотья
фекла;Ж;4000;4.963508348664473e-05;фёкла
феклинья;Ж;3;3.722631261498355e-08;феклинья
феликса;Ж;319;3.958397908059917e-06;феликса
фелисада;Ж;3;3.722631261498355e-08;фелисада
фелисата;Ж;13;1.6131402133159538e-07;фелисата
фелицата;Ж;938;1.1639427077618189e-05;фелицата
фелициана;Ж;7;8.686139610162828e-08;фелициана
фелиция;Ж;798;9.902199155585624e-06;фелиция
феодора;Ж;708;8.785409777136117e-06;феодора
феодосия;Ж;95000;0.0011788332328078123;феодосия
феодотия;Ж;21;2.605841883048848e-07;феодотия
феодулия;Ж;18;2.233578756899013e-07;феодулия
феоктиста;Ж;96;1.1912420036794737e-06;феоктиста
феона;Ж;204;2.5313892578188813e-06;феона
феония;Ж;17;2.109491048182401e-07;феония
феофана;Ж;23;2.854017300482072e-07;феофана
феофания;Ж;319;3.958397908059917e-06;феофания
феофила;Ж;45;5.583946892247532e-07;феофила
фетиния;Ж;19;2.3576664656156247e-07;фетиния
фетинья;Ж;17;2.109491048182401e-07;фетинья
фея;Ж;13000;0.00016131402133159537;фея
филиппа;Ж;445;5.5219030378892265e-06;филиппа
филиппина;Ж;70;8.686139610162828e-07;филиппина
филиппия;Ж;6;7.44526252299671e-08;филиппия
филомена;Ж;38;4.7153329312312494e-07;филомена
филонида;Ж;2;2.4817541743322366e-08;филонида
фиона;Ж;1000;1.2408770871661182e-05;фиона
фиония;Ж;5;6.204385435830592e-08;фиония
флавия;Ж;257;3.189054114016924e-06;флавия
флора;Ж;11000;0.00013649647958827301;флора
флорентина;Ж;729;9.045993965441003e-06;флорентина
флориана;Ж;108;1.3401472541394078e-06;флориана
флорида;Ж;4000000;0.049635083486644735;флорида
фотина;Ж;2000;2.4817541743322365e-05;фотина
фотиния;Ж;505;6.266429290188898e-06;фотиния
фотинья;Ж;99;1.228468316294457e-06;фотинья
хаврония;Ж;24;2.978105009198684e-07;хаврония
хавронья;Ж;92;1.1416069201928289e-06;хавронья
хариесса;Ж;25;3.1021927179152956e-07;хариесса
харита;Ж;202;2.506571716075559e-06;харита
харитина;Ж;862;1.069636049137194e-05;харитина
христиана;Ж;220;2.72992959176546e-06;христиана
христина;Ж;37000;0.00045912452225146374;христина
христинья;Ж;25;3.1021927179152956e-07;христинья
эвелина;Ж;41000;0.0005087596057381084;эвелина
эгина;Ж;201;2.4941629452038977e-06;эгина
элеонора;Ж;41000;0.0005087596057381084;элеонора
элла;Ж;45000;0.0005583946892247533;элла
эллада;Ж;4000;4.963508348664473e-05;эллада
эллина;Ж;10000;0.00012408770871661184;эллина
эльвира;Ж;216000;0.0026802945082788155;эльвира
эмилиана;Ж;58;7.197087105563486e-07;эмилиана
эмилия;Ж;679000;0.008425555421857944;эмилия
эмма;Ж;33000;0.00040948943876481904;эмма
энна;Ж;4000;4.963508348664473e-05;энна
эра;Ж;7000;8.686139610162828e-05;эра
эсфира;Ж;127;1.5759139007009702e-06;эсфира
эсфирь;Ж;438;5.435041641787598e-06;эсфирь
юдифь;Ж;102;1.2656946289094406e-06;юдифь
юлиана;Ж;43000;0.0005335771474814309;юлиана
юлиания;Ж;155;1.9233594851074834e-06;юлиания
юлия;Ж;2000000;0.024817541743322367;юлия
юния;Ж;511;6.340881915418865e-06;юния
юнона;Ж;6000;7.44526252299671e-05;юнона
юрия;Ж;3000;3.722631261498355e-05;юрия
юстина;Ж;2000;2.4817541743322365e-05;юстина
ядвига;Ж;4000;4.963508348664473e-05;ядвига
ярослава;Ж;107000;0.0013277384832677465;ярослава
абия;Ж;31;3.8467189702149665e-07;абия
авенира;Ж;3;3.722631261498355e-08;авенира
авива;Ж;231;2.8664260713537333e-06;авива
агапа;Ж;84;1.0423367532195393e-06;агапа
агафоклия;Ж;7;8.686139610162828e-08;агафоклия
агафоника;Ж;10;1.2408770871661184e-07;агафоника
агна;Ж;51000;0.0006328473144547204;агна
акила;М;115;1.427008650241036e-06;акила
амата;Ж;140;1.7372279220325656e-06;амата
ангел;Ж;81000;0.001005110440604556;ангел
анис;Ж;3000;3.722631261498355e-05;анис
антигона;Ж;44;5.45985918353092e-07;антигона
аргентея;Ж;14;1.7372279220325655e-07;аргентея
арис;Ж;1000;1.2408770871661182e-05;арис
арминия;Ж;26;3.2262804266319076e-07;арминия
баян;Ж;20000;0.0002481754174332237;баян
белослава;Ж;61;7.569350231713321e-07;белослава
братислава;Ж;14000;0.00017372279220325657;братислава
васена;Ж;401;4.975917119536135e-06;васёна
василисса;Ж;474;5.881757393167401e-06;василисса
василла;Ж;22;2.72992959176546e-07;василла
вевея;Ж;55;6.82482397941365e-07;вевея
велимира;Ж;89;1.1043806075778453e-06;велимира
венерия;Ж;13;1.6131402133159538e-07;венерия
венуста;Ж;10;1.2408770871661184e-07;венуста
вереника;Ж;52;6.452560853263815e-07;вереника
верона;Ж;76000;0.0009430665862462499;верона
вестита;Ж;20;2.4817541743322367e-07;вестита
вивея;Ж;149;1.8489068598775162e-06;вивея
вивиан;Ж;239;2.965696238327023e-06;вивиан
вивиана;Ж;141;1.7496366929042268e-06;вивиана
вила;Ж;83000;0.001029927982347878;вила
вилора;Ж;557;6.911685375515279e-06;вилора
воислава;Ж;29;3.598543552781743e-07;воислава
всеслава;Ж;904;1.1217528867981709e-05;всеслава
гаафа;Ж;3;3.722631261498355e-08;гаафа
гаиания;Ж;5;6.204385435830592e-08;гаиания
гали;Ж;10000;0.00012408770871661184;гали
гаяния;Ж;8;9.927016697328946e-08;гаяния
геласия;Ж;14;1.7372279220325655e-07;геласия
гемелла;Ж;18;2.233578756899013e-07;гемелла
гемина;Ж;14;1.7372279220325655e-07;гемина
гения;Ж;394;4.889055723434506e-06;гения
гера;Ж;17000;0.00021094910481824012;гера
глориоза;Ж;27;3.3503681353485196e-07;глориоза
голиндуха;Ж;14;1.7372279220325655e-07;голиндуха
гонеста;Ж;13;1.6131402133159538e-07;гонеста
густа;Ж;102;1.2656946289094406e-06;густа
деина;Ж;60;7.44526252299671e-07;деина
денница;Ж;49;6.080297727113979e-07;денница
диодора;Ж;87;1.0795630658345229e-06;диодора
диор;Ж;854;1.059709032439865e-05;диор
доброгнева;Ж;25;3.1021927179152956e-07;доброгнева
добромира;Ж;348;4.3182522633380915e-06;добромира
домнина;Ж;4000;4.963508348664473e-05;домнина
доната;Ж;328;4.070076845904868e-06;доната
доса;Ж;2000;2.4817541743322365e-05;доса
досифея;Ж;24;2.978105009198684e-07;досифея
дружина;Ж;4000;4.963508348664473e-05;дружина
дуклида;Ж;10;1.2408770871661184e-07;дуклида
евдокея;Ж;1;1.2408770871661183e-08;евдокея
евмения;Ж;1;1.2408770871661183e-08;евмения
евникия;Ж;3;3.722631261498355e-08;евникия
евномия;Ж;1;1.2408770871661183e-08;евномия
евсевия;Ж;5;6.204385435830592e-08;евсевия
евтихия;Ж;2;2.4817541743322366e-08;евтихия
елис;Ж;45;5.583946892247532e-07;елис
ермиония;Ж;2;2.4817541743322366e-08;ермиония
есфирь;Ж;32;3.9708066789315785e-07;есфирь
заря;Ж;3200;3.9708066789315784e-05;заря
илия;Ж;300;3.7226312614983547e-06;илия
индис;Ж;1;1.2408770871661183e-08;индис
иовилла;Ж;1;1.2408770871661183e-08;иовилла
иола;Ж;28;3.474455844065131e-07;иола
иона;М;200;2.4817541743322365e-06;иона
ипполита;Ж;4;4.963508348664473e-08;ипполита
ириней;М;11;1.36496479588273e-07;ириней
иулитта;Ж;3;3.722631261498355e-08;иулитта
иулия;Ж;83;1.0299279823478783e-06;иулия
иуния;Ж;15;1.8613156307491775e-07;иуния
ифигения;Ж;6;7.44526252299671e-08;ифигения
каздоя;Ж;1;1.2408770871661183e-08;каздоя
калида;Ж;13;1.6131402133159538e-07;калида
каллиникия;Ж;1;1.2408770871661183e-08;каллиникия
каллисфения;Ж;1;1.2408770871661183e-08;каллисфения
келестина;Ж;1;1.2408770871661183e-08;келестина
керкира;Ж;300;3.7226312614983547e-06;керкира
кетевань;Ж;1;1.2408770871661183e-08;кетевань
кириакия;Ж;2;2.4817541743322366e-08;кириакия
кириана;Ж;5;6.204385435830592e-08;кириана
кирила;Ж;29;3.598543552781743e-07;кирила
кирилла;Ж;1300;1.6131402133159537e-05;кирилла
кирьяна;Ж;8;9.927016697328946e-08;кирьяна
леонина;Ж;3;3.722631261498355e-08;леонина
лин;Ж;400;4.963508348664473e-06;лин
лота;Ж;18;2.233578756899013e-07;лота
лукина;Ж;3800;4.7153329312312493e-05;лукина
люцина;Ж;47;5.832122309680756e-07;люцина
маиса;Ж;25;3.1021927179152956e-07;маиса
май;М;1500;1.8613156307491774e-05;май
макрина;Ж;6;7.44526252299671e-08;макрина
максима;Ж;1800;2.233578756899013e-05;максима
мамелфа;Ж;1;1.2408770871661183e-08;мамелфа
мар;Ж;18200;0.00022583962986423353;мар
марлен;М;900;1.1167893784495064e-05;марлен
маруф;Ж;400;4.963508348664473e-06;маруф
меркурия;Ж;7;8.686139610162828e-08;меркурия
мерона;Ж;2;2.4817541743322366e-08;мерона
милен;М;200;2.4817541743322365e-06;милен
милютина;Ж;700;8.686139610162828e-06;милютина
мир;Ж;21200;0.00026306594247921706;мир
митродора;Ж;5;6.204385435830592e-08;митродора
модеста;Ж;4;4.963508348664473e-08;модеста
мстислава;Ж;200;2.4817541743322365e-06;мстислава
нада;Ж;300;3.7226312614983547e-06;нада
нида;Ж;17;2.109491048182401e-07;нида
никита;М;99700;0.00123715445590462;никита
нимфодора;Ж;10;1.2408770871661184e-07;нимфодора
олдама;Ж;1;1.2408770871661183e-08;олдама
олена;Ж;1400;1.7372279220325655e-05;олёна
олимпиодора;Ж;1;1.2408770871661183e-08;олимпиодора
орина;Ж;45;5.583946892247532e-07;орина
осия;Ж;14;1.7372279220325655e-07;осия
паллада;Ж;200;2.4817541743322365e-06;паллада
перегрина;Ж;3;3.722631261498355e-08;перегрина
перпетуя;Ж;2;2.4817541743322366e-08;перпетуя
петронилла;Ж;1;1.2408770871661183e-08;петронилла
пинна;Ж;300;3.7226312614983547e-06;пинна
поплия;Ж;1;1.2408770871661183e-08;поплия
препедигна;Ж;8;9.927016697328946e-08;препедигна
прискилла;Ж;16;1.9854033394657893e-07;прискилла
просдока;Ж;15;1.8613156307491775e-07;просдока
радость;Ж;14000;0.00017372279220325657;радость
рема;Ж;545;6.762780125055345e-06;рема
савватия;Ж;866;1.0745995574858584e-05;савватия
савина;Ж;60000;0.000744526252299671;савина
севастиана;Ж;13;1.6131402133159538e-07;севастиана
северина;Ж;5000;6.204385435830592e-05;северина
секлетея;Ж;20;2.4817541743322367e-07;секлетея
селина;Ж;11000;0.00013649647958827301;селина
серен;Ж;737;9.145264132414293e-06;серен
силвана;Ж;85;1.0547455240912005e-06;силвана
силвия;Ж;2000;2.4817541743322365e-05;силвия
синклитикия;Ж;15;1.8613156307491775e-07;синклитикия
сира;Ж;575;7.13504325120518e-06;сира
снандулия;Ж;18;2.233578756899013e-07;снандулия
сосанна;Ж;8;9.927016697328946e-08;сосанна
сосипатра;Ж;12;1.489052504599342e-07;сосипатра
тавифа;Ж;117;1.4518261919843584e-06;тавифа
татиана;Ж;3000;3.722631261498355e-05;татиана
текуса;Ж;22;2.72992959176546e-07;текуса
текуста;Ж;4;4.963508348664473e-08;текуста
тигрия;Ж;13;1.6131402133159538e-07;тигрия
тома;Ж;34000;0.00042189820963648024;тома
транквиллина;Ж;11;1.36496479588273e-07;транквиллина
трифена;Ж;15;1.8613156307491775e-07;трифена
трофима;Ж;34;4.218982096364802e-07;трофима
урбана;Ж;11000;0.00013649647958827301;урбана
феа;Ж;75;9.306578153745887e-07;феа
фектиста;Ж;1;1.2408770871661183e-08;фектиста
фекуса;Ж;14;1.7372279220325655e-07;фекуса
фелица;Ж;147;1.824089318134194e-06;фелица
фелицитата;Ж;19;2.3576664656156247e-07;фелицитата
феогния;Ж;14;1.7372279220325655e-07;феогния
феодота;Ж;14;1.7372279220325655e-07;феодота
феодула;Ж;10;1.2408770871661184e-07;феодула
феозва;Ж;15;1.8613156307491775e-07;феозва
феонилла;Ж;25;3.1021927179152956e-07;феонилла
феопистия;Ж;10;1.2408770871661184e-07;феопистия
фервуфа;Ж;11;1.36496479588273e-07;фервуфа
фессалоника;Ж;19;2.3576664656156247e-07;фессалоника
фессалоникия;Ж;9;1.1167893784495065e-07;фессалоникия
фефела;Ж;3;3.722631261498355e-08;фефёла
фива;Ж;83;1.0299279823478783e-06;фива
фивея;Ж;16;1.9854033394657893e-07;фивея
филарета;Ж;120;1.489052504599342e-06;филарета
филонилла;Ж;16;1.9854033394657893e-07;филонилла
филофея;Ж;27;3.3503681353485196e-07;филофея
флена;Ж;69;8.562051901446216e-07;флёна
флор;Ж;762;9.455483404205821e-06;флор
фомаида;Ж;15;1.8613156307491775e-07;фомаида
фортуната;Ж;45;5.583946892247532e-07;фортуната
хариса;Ж;46;5.708034600964144e-07;хариса
хина;Ж;270;3.350368135348519e-06;хина
хиона;Ж;9;1.1167893784495065e-07;хиона
хиония;Ж;57;7.072999396846874e-07;хиония
хотина;Ж;723;8.971541340211035e-06;хотина
хриса;Ж;32;3.9708066789315785e-07;хриса
хрисия;Ж;20;2.4817541743322367e-07;хрисия
целестина;Ж;30;3.722631261498355e-07;целестина
цецилия;Ж;120;1.489052504599342e-06;цецилия
эннафа;Ж;5;6.204385435830592e-08;эннафа
яздундокта;Ж;13;1.6131402133159538e-07;яздундокта
аарон;М;1000;1.2408770871661182e-05;аарон
абакум;М;65;8.065701066579769e-07;абакум
абрам;М;5000;6.204385435830592e-05;абрам
абросим;М;68;8.437964192729604e-07;абросим
аввакум;М;227;2.8167909878670885e-06;аввакум
август;М;9000;0.00011167893784495065;август
августин;М;3000;3.722631261498355e-05;августин
авдей;М;2000;2.4817541743322365e-05;авдей
авдий;М;119;1.4766437337276808e-06;авдий
авдикий;М;4;4.963508348664473e-08;авдикий
авель;М;655;8.127744920938075e-06;авель
авенир;М;763;9.467892175077483e-06;авенир
авентин;М;160;1.9854033394657894e-06;авентин
аверий;М;28;3.474455844065131e-07;аверий
аверкий;М;703;8.723365922777811e-06;аверкий
аверьян;М;940;1.1664244619361512e-05;аверьян
авив;М;81000;0.001005110440604556;авив
авим;М;35;4.343069805081414e-07;авим
авксентий;М;770;9.554753571179111e-06;авксентий
авраам;М;2000;2.4817541743322365e-05;авраам
авраамий;М;8;9.927016697328946e-08;авраамий
аврам;М;2000;2.4817541743322365e-05;аврам
аврамий;М;7;8.686139610162828e-08;аврамий
аврелиан;М;40;4.963508348664473e-07;аврелиан
аврелий;М;1000;1.2408770871661182e-05;аврелий
авсей;М;26;3.2262804266319076e-07;авсей
автоном;М;753;9.34380446636087e-06;автоном
агап;М;996;1.2359135788174538e-05;агап
агапей;М;1;1.2408770871661183e-08;агапей
агапий;М;327;4.057668075033207e-06;агапий
агапит;М;121;1.5014612754710032e-06;агапит
агафангел;М;53;6.576648561980427e-07;агафангел
агафон;М;1000;1.2408770871661182e-05;агафон
агафоник;М;10;1.2408770871661184e-07;агафоник
аггей;М;647;8.028474753964785e-06;аггей
агей;М;324;4.0204417624182235e-06;агей
аглай;М;16;1.9854033394657893e-07;аглай
адам;М;49000;0.000608029772711398;адам
адолий;М;6;7.44526252299671e-08;адолий
адонис;М;920;1.1416069201928288e-05;адонис
адриан;М;10000;0.00012408770871661184;адриан
адриян;М;97;1.2036507745511346e-06;адриян
азар;М;1000;1.2408770871661182e-05;азар
азарий;М;1000;1.2408770871661182e-05;азарий
азат;М;58000;0.0007197087105563486;азат
акакий;М;6000;7.44526252299671e-05;акакий
аким;М;11000;0.00013649647958827301;аким
акиндин;М;67;8.313876484012993e-07;акиндин
акинф;М;26;3.2262804266319076e-07;акинф
акинфий;М;52;6.452560853263815e-07;акинфий
аксентий;М;655;8.127744920938075e-06;аксентий
аксен;М;434;5.385406558300954e-06;аксён
албин;М;107;1.3277384832677466e-06;албин
алвиан;М;23;2.854017300482072e-07;алвиан
алевтин;М;298;3.6978137197550323e-06;алевтин
александр;М;5000000;0.062043854358305915;александр
алексей;М;300000;0.0037226312614983548;алексей
алексий;М;300;3.7226312614983547e-06;алексий
алеф;М;900;1.1167893784495064e-05;алеф
алим;М;2200;2.72992959176546e-05;алим
алип;М;18;2.233578756899013e-07;алип
алипий;М;2;2.4817541743322366e-08;алипий
алкивиад;М;1;1.2408770871661183e-08;алкивиад
алфей;М;8;9.927016697328946e-08;алфей
альберт;М;12900;0.00016007314424442925;альберт
альбин;М;73;9.058402736312664e-07;альбин
альвиан;М;12;1.489052504599342e-07;альвиан
альфред;М;1100;1.36496479588273e-05;альфред
амбросий;М;20;2.4817541743322367e-07;амбросий
амвросий;М;100;1.2408770871661182e-06;амвросий
амос;М;96;1.1912420036794737e-06;амос
амур;М;900;1.1167893784495064e-05;амур
амфилохий;М;3;3.722631261498355e-08;амфилохий
анан;М;17;2.109491048182401e-07;анан
ананий;М;100;1.2408770871661182e-06;ананий
анастасий;М;64;7.941613357863157e-07;анастасий
анатолий;М;69200;0.0008586869443189539;анатолий
андрей;М;400000;0.004963508348664473;андрей
андриан;М;400;4.963508348664473e-06;андриан
андриян;М;200;2.4817541743322365e-06;андриян
андрон;М;400;4.963508348664473e-06;андрон
андроний;М;4;4.963508348664473e-08;андроний
андроник;М;300;3.7226312614983547e-06;андроник
анект;М;2;2.4817541743322366e-08;анект
анемподист;М;2;2.4817541743322366e-08;анемподист
аникей;М;100;1.2408770871661182e-06;аникей
аникий;М;7;8.686139610162828e-08;аникий
аникита;М;67;8.313876484012993e-07;аникита
анин;М;55;6.82482397941365e-07;анин
анисий;М;8;9.927016697328946e-08;анисий
анисим;М;200;2.4817541743322365e-06;анисим
антиох;М;5;6.204385435830592e-08;антиох
антип;М;200;2.4817541743322365e-06;антип
антипа;М;9;1.1167893784495065e-07;антипа
антипий;М;2;2.4817541743322366e-08;антипий
антон;М;100000;0.0012408770871661183;антон
антоний;М;200;2.4817541743322365e-06;антоний
антонин;М;97;1.2036507745511346e-06;антонин
антроп;М;6;7.44526252299671e-08;антроп
антропий;М;1;1.2408770871661183e-08;антропий
ануфрий;М;45;5.583946892247532e-07;ануфрий
анфим;М;9;1.1167893784495065e-07;анфим
анфир;М;4;4.963508348664473e-08;анфир
аполит;М;1;1.2408770871661183e-08;аполит
аполлинарий;М;100;1.2408770871661182e-06;аполлинарий
аполлон;М;200;2.4817541743322365e-06;аполлон
аполлоний;М;1;1.2408770871661183e-08;аполлоний
аполлос;М;2;2.4817541743322366e-08;аполлос
ардалион;М;9;1.1167893784495065e-07;ардалион
ардальон;М;3;3.722631261498355e-08;ардальон
арест;М;17;2.109491048182401e-07;арест
ареф;М;14;1.7372279220325655e-07;ареф
арефий;М;89;1.1043806075778453e-06;арефий
ариан;М;100;1.2408770871661182e-06;ариан
арий;М;700;8.686139610162828e-06;арий
арион;М;71;8.81022731887944e-07;арион
аристарх;М;600;7.4452625229967095e-06;аристарх
аристид;М;8;9.927016697328946e-08;аристид
аркадий;М;8300;0.00010299279823478782;аркадий
армен;М;4400;5.45985918353092e-05;армен
арнольд;М;1000;1.2408770871661182e-05;арнольд
арон;М;200;2.4817541743322365e-06;арон
арсен;М;10100;0.00012532858580377795;арсен
арсений;М;6800;8.437964192729604e-05;арсений
арсентий;М;300;3.7226312614983547e-06;арсентий
артамон;М;23;2.854017300482072e-07;артамон
артемий;М;2600;3.2262804266319074e-05;артемий
артемон;М;70;8.686139610162828e-07;артемон
артем;М;100000;0.0012408770871661183;артём
артур;М;55300;0.0006862050292028634;артур
архимед;М;63;7.817525649146545e-07;архимед
архип;М;300;3.7226312614983547e-06;архип
асаф;М;61;7.569350231713321e-07;асаф
асафий;М;1;1.2408770871661183e-08;асафий
асир;М;1900;2.3576664656156247e-05;асир
аскольд;М;200;2.4817541743322365e-06;аскольд
асон;М;21;2.605841883048848e-07;асон
астафий;М;2;2.4817541743322366e-08;астафий
астерий;М;1;1.2408770871661183e-08;астерий
астион;М;6;7.44526252299671e-08;астион
аттик;М;17;2.109491048182401e-07;аттик
афанас;М;28;3.474455844065131e-07;афанас
афанасий;М;1100;1.36496479588273e-05;афанасий
афиноген;М;97;1.2036507745511346e-06;афиноген
афон;М;300;3.7226312614983547e-06;афон
афоний;М;2;2.4817541743322366e-08;афоний
африкан;М;18;2.233578756899013e-07;африкан
бенедикт;М;100;1.2408770871661182e-06;бенедикт
богдан;М;25200;0.0003127010259658618;богдан
болеслав;М;400;4.963508348664473e-06;болеслав
бонифат;М;3;3.722631261498355e-08;бонифат
бонифатий;М;3;3.722631261498355e-08;бонифатий
борис;М;26300;0.0003263506739246891;борис
борислав;М;3200;3.9708066789315784e-05;борислав
боян;М;200;2.4817541743322365e-06;боян
бронислав;М;400;4.963508348664473e-06;бронислав
будимир;М;100;1.2408770871661182e-06;будимир
вавила;М;13;1.6131402133159538e-07;вавила
вадим;М;74700;0.0009269351841130904;вадим
вакх;М;5;6.204385435830592e-08;вакх
валент;М;26;3.2262804266319076e-07;валент
валентин;М;18000;0.0002233578756899013;валентин
валер;М;95;1.1788332328078125e-06;валер
валериан;М;200;2.4817541743322365e-06;валериан
валерий;М;53000;0.0006576648561980427;валерий
валерьян;М;300;3.7226312614983547e-06;валерьян
варлам;М;64;7.941613357863157e-07;варлам
варламий;М;1;1.2408770871661183e-08;варламий
варнава;М;200;2.4817541743322365e-06;варнава
варсоноф;М;1;1.2408770871661183e-08;варсоноф
варсонофий;М;3;3.722631261498355e-08;варсонофий
варфоломей;М;200;2.4817541743322365e-06;варфоломей
василий;М;66500;0.0008251832629654687;василий
вассиан;М;2;2.4817541743322366e-08;вассиан
вацлав;М;200;2.4817541743322365e-06;вацлав
веденей;М;5;6.204385435830592e-08;веденей
велизар;М;21;2.605841883048848e-07;велизар
велимир;М;100;1.2408770871661182e-06;велимир
веналий;М;2;2.4817541743322366e-08;веналий
венедикт;М;100;1.2408770871661182e-06;венедикт
венер;М;500;6.204385435830591e-06;венер
вениамин;М;1800;2.233578756899013e-05;вениамин
венцеслав;М;66;8.189788775296381e-07;венцеслав
веньямин;М;21;2.605841883048848e-07;веньямин
вечеслав;М;300;3.7226312614983547e-06;вечеслав
виатор;М;2;2.4817541743322366e-08;виатор
викентий;М;300;3.7226312614983547e-06;викентий
виктор;М;100000;0.0012408770871661183;виктор
викторий;М;14;1.7372279220325655e-07;викторий
викторин;М;80;9.927016697328947e-07;викторин
викул;М;12;1.489052504599342e-07;викул
викула;М;3;3.722631261498355e-08;викула
вил;М;83;1.0299279823478783e-06;вил
вилен;М;200;2.4817541743322365e-06;вилен
виленин;М;4;4.963508348664473e-08;виленин
виссарион;М;2000;2.4817541743322365e-05;виссарион
вит;М;7000;8.686139610162828e-05;вит
виталий;М;919000;0.011403660431056627;виталий
виталик;М;160000;0.0019854033394657894;виталик
витольд;М;1000;1.2408770871661182e-05;витольд
владилен;М;3000;3.722631261498355e-05;владилен
владимир;М;3000000;0.03722631261498355;владимир
владислав;М;507000;0.00629124683193222;владислав
владлен;М;11000;0.00013649647958827301;владлен
влас;М;6000;7.44526252299671e-05;влас
власий;М;224;2.779564675252105e-06;власий
воислав;М;140;1.7372279220325656e-06;воислав
вонифат;М;21;2.605841883048848e-07;вонифат
вонифатий;М;28;3.474455844065131e-07;вонифатий
всеволод;М;27000;0.00033503681353485193;всеволод
всеслав;М;3000;3.722631261498355e-05;всеслав
вукол;М;41;5.087596057381085e-07;вукол
вышеслав;М;722;8.959132569339373e-06;вышеслав
вячеслав;М;600000;0.0074452625229967095;вячеслав
гавриил;М;4000;4.963508348664473e-05;гавриил
гаврил;М;3000;3.722631261498355e-05;гаврил
гаврила;М;1000;1.2408770871661182e-05;гаврила
гаврило;М;464;5.757669684450789e-06;гаврило
гаган;М;275;3.412411989706825e-06;гаган
гай;М;65000;0.0008065701066579769;гай
галактион;М;1000;1.2408770871661182e-05;галактион
гарасим;М;1000;1.2408770871661182e-05;гарасим
гаспар;М;684;8.487599276216249e-06;гаспар
гаян;М;534;6.626283645467072e-06;гаян
гвидон;М;277;3.4372295314501476e-06;гвидон
гедеон;М;2000;2.4817541743322365e-05;гедеон
гектор;М;998;1.2383953329917861e-05;гектор
геласий;М;16;1.9854033394657893e-07;геласий
гелий;М;443;5.497085496145904e-06;гелий
гений;М;6000;7.44526252299671e-05;гений
геннадий;М;312000;0.003871536511958289;геннадий
генрих;М;8000;9.927016697328946e-05;генрих
георгий;М;201000;0.0024941629452038976;георгий
геракл;М;443;5.497085496145904e-06;геракл
герасим;М;5000;6.204385435830592e-05;герасим
гервасий;М;66;8.189788775296381e-07;гервасий
герман;М;84000;0.0010423367532195393;герман
гермес;М;5000;6.204385435830592e-05;гермес
гермоген;М;142;1.762045463775888e-06;гермоген
герон;М;183;2.2708050695139965e-06;герон
геронтий;М;104;1.290512170652763e-06;геронтий
гиацинт;М;168;2.0846735064390785e-06;гиацинт
гигант;М;10000;0.00012408770871661184;гигант
гиларий;М;2;2.4817541743322366e-08;гиларий
глеб;М;117000;0.0014518261919843583;глеб
гликерий;М;4;4.963508348664473e-08;гликерий
гораций;М;145;1.7992717763908716e-06;гораций
горгий;М;60;7.44526252299671e-07;горгий
горгоний;М;24;2.978105009198684e-07;горгоний
гордей;М;7000;8.686139610162828e-05;гордей
гордий;М;1000;1.2408770871661182e-05;гордий
горислав;М;150;1.8613156307491774e-06;горислав
градислав;М;22;2.72992959176546e-07;градислав
григорий;М;210000;0.0026058418830488483;григорий
гурий;М;2000;2.4817541743322365e-05;гурий
гурьян;М;330;4.094894387648191e-06;гурьян
давид;М;111000;0.0013773735667543913;давид
давыд;М;3000;3.722631261498355e-05;давыд
далмат;М;53;6.576648561980427e-07;далмат
дан;М;11000;0.00013649647958827301;дан
даниил;М;303000;0.0037598575741133386;даниил
данил;М;451000;0.005596355663119193;данил
данила;М;110000;0.0013649647958827301;данила
данило;М;6000;7.44526252299671e-05;данило
дарий;М;3000;3.722631261498355e-05;дарий
дасий;М;12;1.489052504599342e-07;дасий
декабрист;М;258;3.2014628848885852e-06;декабрист
дементий;М;2000;2.4817541743322365e-05;дементий
демид;М;6000;7.44526252299671e-05;демид
демокрит;М;85;1.0547455240912005e-06;демокрит
демьян;М;9000;0.00011167893784495065;демьян
денис;М;1000000;0.012408770871661184;денис
денисий;М;41;5.087596057381085e-07;денисий
дим;М;1000;1.2408770871661182e-05;дим
димитрий;М;1200;1.4890525045993419e-05;димитрий
диомид;М;20;2.4817541743322367e-07;диомид
дионис;М;300;3.7226312614983547e-06;дионис
дионисий;М;85;1.0547455240912005e-06;дионисий
дмитрий;М;300000;0.0037226312614983548;дмитрий
добромир;М;52;6.452560853263815e-07;добромир
доброслав;М;100;1.2408770871661182e-06;доброслав
добрыня;М;300;3.7226312614983547e-06;добрыня
доминик;М;300;3.7226312614983547e-06;доминик
донат;М;200;2.4817541743322365e-06;донат
доримедонт;М;2;2.4817541743322366e-08;доримедонт
дормедонт;М;3;3.722631261498355e-08;дормедонт
дорофей;М;200;2.4817541743322365e-06;дорофей
досифей;М;3;3.722631261498355e-08;досифей
драгомир;М;200;2.4817541743322365e-06;драгомир
евангел;М;1;1.2408770871661183e-08;евангел
евген;М;2300;2.854017300482072e-05;евген
евгений;М;200000;0.0024817541743322367;евгений
евграф;М;100;1.2408770871661182e-06;евграф
евграфий;М;8;9.927016697328946e-08;евграфий
евдоким;М;200;2.4817541743322365e-06;евдоким
евлампий;М;300;3.7226312614983547e-06;евлампий
евлогий;М;8;9.927016697328946e-08;евлогий
евмен;М;4;4.963508348664473e-08;евмен
евмений;М;4;4.963508348664473e-08;евмений
евпатий;М;100;1.2408770871661182e-06;евпатий
евсей;М;200;2.4817541743322365e-06;евсей
евстафий;М;100;1.2408770871661182e-06;евстафий
евстахий;М;8;9.927016697328946e-08;евстахий
евстигней;М;88;1.091971836706184e-06;евстигней
евстрат;М;26;3.2262804266319076e-07;евстрат
евстратий;М;17;2.109491048182401e-07;евстратий
евтихий;М;5;6.204385435830592e-08;евтихий
евфимий;М;5;6.204385435830592e-08;евфимий
егор;М;45700;0.000567080828834916;егор
егорий;М;34;4.218982096364802e-07;егорий
елизар;М;200;2.4817541743322365e-06;елизар
елисей;М;900;1.1167893784495064e-05;елисей
елистрат;М;7;8.686139610162828e-08;елистрат
емельян;М;300;3.7226312614983547e-06;емельян
емилиан;М;6;7.44526252299671e-08;емилиан
емилий;М;1;1.2408770871661183e-08;емилий
епифан;М;100;1.2408770871661182e-06;епифан
епифаний;М;6;7.44526252299671e-08;епифаний
ераст;М;3;3.722631261498355e-08;ераст
еремей;М;200;2.4817541743322365e-06;еремей
ермак;М;3500;4.343069805081414e-05;ермак
ермил;М;87;1.0795630658345229e-06;ермил
ермила;М;2;2.4817541743322366e-08;ермила
ермилий;М;1;1.2408770871661183e-08;ермилий
ермолай;М;100;1.2408770871661182e-06;ермолай
ерофей;М;500;6.204385435830591e-06;ерофей
ефим;М;1900;2.3576664656156247e-05;ефим
ефимий;М;9;1.1167893784495065e-07;ефимий
ефрем;М;400;4.963508348664473e-06;ефрем
ефремий;М;3;3.722631261498355e-08;ефремий
захар;М;5000;6.204385435830592e-05;захар
захарий;М;81;1.0051104406045559e-06;захарий
зенон;М;51;6.328473144547203e-07;зенон
зиновей;М;8;9.927016697328946e-08;зиновей
зиновий;М;300;3.7226312614983547e-06;зиновий
зинон;М;3;3.722631261498355e-08;зинон
зосим;М;92;1.1416069201928289e-06;зосим
зотик;М;22;2.72992959176546e-07;зотик
иаким;М;3;3.722631261498355e-08;иаким
иаков;М;32;3.9708066789315785e-07;иаков
иакинф;М;8;9.927016697328946e-08;иакинф
иван;М;200000;0.0024817541743322367;иван
ивон;М;28;3.474455844065131e-07;ивон
игнат;М;2300;2.854017300482072e-05;игнат
игнатий;М;200;2.4817541743322365e-06;игнатий
игорь;М;200000;0.0024817541743322367;игорь
иероним;М;25;3.1021927179152956e-07;иероним
измаил;М;9500;0.00011788332328078124;измаил
изосим;М;4;4.963508348664473e-08;изосим
изот;М;72;8.934315027596052e-07;изот
израиль;М;100000;0.0012408770871661183;израиль
изяслав;М;1500;1.8613156307491774e-05;изяслав
иисус;М;300;3.7226312614983547e-06;иисус
иларий;М;10;1.2408770871661184e-07;иларий
иларион;М;100;1.2408770871661182e-06;иларион
илиан;М;32;3.9708066789315785e-07;илиан
илиодор;М;8;9.927016697328946e-08;илиодор
илларион;М;300;3.7226312614983547e-06;илларион
илья;М;95800;0.0011887602495051412;илья
инар;М;29;3.598543552781743e-07;инар
иннокентий;М;1300;1.6131402133159537e-05;иннокентий
иоанн;М;200;2.4817541743322365e-06;иоанн
иов;М;63;7.817525649146545e-07;иов
ион;М;1800;2.233578756899013e-05;ион
иордан;М;200;2.4817541743322365e-06;иордан
иосафат;М;2;2.4817541743322366e-08;иосафат
иосип;М;16;1.9854033394657893e-07;иосип
иосиф;М;1800;2.233578756899013e-05;иосиф
ипат;М;200;2.4817541743322365e-06;ипат
ипатий;М;96;1.1912420036794737e-06;ипатий
ипполит;М;200;2.4817541743322365e-06;ипполит
ираклий;М;500;6.204385435830591e-06;ираклий
ириний;М;1;1.2408770871661183e-08;ириний
исаак;М;400;4.963508348664473e-06;исаак
исаакий;М;4;4.963508348664473e-08;исаакий
исай;М;200;2.4817541743322365e-06;исай
исак;М;300;3.7226312614983547e-06;исак
исакий;М;5;6.204385435830592e-08;исакий
исидор;М;89;1.1043806075778453e-06;исидор
исмаил;М;2300;2.854017300482072e-05;исмаил
иустин;М;5;6.204385435830592e-08;иустин
казимир;М;400;4.963508348664473e-06;казимир
калистрат;М;17;2.109491048182401e-07;калистрат
каллиник;М;5;6.204385435830592e-08;каллиник
каллистрат;М;77;9.55475357117911e-07;каллистрат
капитон;М;200;2.4817541743322365e-06;капитон
карл;М;1100;1.36496479588273e-05;карл
карп;М;600;7.4452625229967095e-06;карп
касьян;М;800;9.927016697328946e-06;касьян
кий;М;200;2.4817541743322365e-06;кий
киприан;М;14;1.7372279220325655e-07;киприан
кир;М;1400;1.7372279220325655e-05;кир
кириак;М;16;1.9854033394657893e-07;кириак
кирилл;М;74600;0.0009256943070259242;кирилл
кирсан;М;67;8.313876484012993e-07;кирсан
кирьяк;М;78;9.678841279895723e-07;кирьяк
кирьян;М;200;2.4817541743322365e-06;кирьян
клавдий;М;100;1.2408770871661182e-06;клавдий
клим;М;1900;2.3576664656156247e-05;клим
климент;М;500;6.204385435830591e-06;климент
климентий;М;100;1.2408770871661182e-06;климентий
кондрат;М;500;6.204385435830591e-06;кондрат
кондратий;М;100;1.2408770871661182e-06;кондратий
конкордий;М;1;1.2408770871661183e-08;конкордий
конон;М;400;4.963508348664473e-06;конон
константин;М;68400;0.000848759927621625;константин
корней;М;300;3.7226312614983547e-06;корней
корнелий;М;44;5.45985918353092e-07;корнелий
корнил;М;62;7.693437940429933e-07;корнил
корнилий;М;200;2.4817541743322365e-06;корнилий
краснослав;М;4;4.963508348664473e-08;краснослав
ксенофонт;М;30;3.722631261498355e-07;ксенофонт
кузьма;М;1200;1.4890525045993419e-05;кузьма
куприян;М;200;2.4817541743322365e-06;куприян
лавр;М;300;3.7226312614983547e-06;лавр
лаврен;М;12;1.489052504599342e-07;лаврен
лаврентий;М;500;6.204385435830591e-06;лаврентий
ладислав;М;98;1.2160595454227958e-06;ладислав
лазарь;М;600;7.4452625229967095e-06;лазарь
ларион;М;93;1.15401569106449e-06;ларион
леандр;М;2;2.4817541743322366e-08;леандр
лев;М;9000;0.00011167893784495065;лев
левкий;М;3;3.722631261498355e-08;левкий
левон;М;1000;1.2408770871661182e-05;левон
левонтий;М;4;4.963508348664473e-08;левонтий
леон;М;48900;0.0006067888956242318;леон
леонард;М;300;3.7226312614983547e-06;леонард
леонид;М;26200;0.000325109796837523;леонид
леонтий;М;400;4.963508348664473e-06;леонтий
ливерий;М;2;2.4817541743322366e-08;ливерий
логвин;М;400;4.963508348664473e-06;логвин
логин;М;300;3.7226312614983547e-06;логин
лонгин;М;89;1.1043806075778453e-06;лонгин
лука;М;1900;2.3576664656156247e-05;лука
лукиан;М;8;9.927016697328946e-08;лукиан
лукьян;М;200;2.4817541743322365e-06;лукьян
любим;М;1400;1.7372279220325655e-05;любим
любомир;М;1500;1.8613156307491774e-05;любомир
маврикий;М;7800;9.678841279895723e-05;маврикий
майор;М;1500;1.8613156307491774e-05;майор
макар;М;2500;3.102192717915296e-05;макар
макарий;М;45;5.583946892247532e-07;макарий
макс;М;58500;0.0007259130959921792;макс
максим;М;200000;0.0024817541743322367;максим
максимиан;М;5;6.204385435830592e-08;максимиан
максимилиан;М;200;2.4817541743322365e-06;максимилиан
максимильян;М;100;1.2408770871661182e-06;максимильян
малх;М;8;9.927016697328946e-08;малх
мануил;М;21;2.605841883048848e-07;мануил
мардарий;М;5;6.204385435830592e-08;мардарий
мариан;М;200;2.4817541743322365e-06;мариан
марк;М;10500;0.0001302920941524424;марк
маркел;М;94;1.1664244619361513e-06;маркел
маркиан;М;6;7.44526252299671e-08;маркиан
маркиян;М;38;4.7153329312312494e-07;маркиян
март;М;600;7.4452625229967095e-06;март
мартимьян;М;3;3.722631261498355e-08;мартимьян
мартин;М;3800;4.7153329312312493e-05;мартин
мартиниан;М;2;2.4817541743322366e-08;мартиниан
мартирий;М;2;2.4817541743322366e-08;мартирий
мартын;М;900;1.1167893784495064e-05;мартын
мартьян;М;81;1.0051104406045559e-06;мартьян
матвей;М;9200;0.00011416069201928288;матвей
мелентий;М;30;3.722631261498355e-07;мелентий
мелетий;М;10;1.2408770871661184e-07;мелетий
мелитон;М;8;9.927016697328946e-08;мелитон
меркул;М;12;1.489052504599342e-07;меркул
меркурий;М;800;9.927016697328946e-06;меркурий
мефодий;М;200;2.4817541743322365e-06;мефодий
мечислав;М;100;1.2408770871661182e-06;мечислав
микола;М;5000;6.204385435830592e-05;микола
миколай;М;69;8.562051901446216e-07;миколай
милан;М;60600;0.0007519715148226677;милан
милий;М;91;1.1291981493211677e-06;милий
милослав;М;28;3.474455844065131e-07;милослав
минай;М;38;4.7153329312312494e-07;минай
миролюб;М;15;1.8613156307491775e-07;миролюб
мирон;М;1600;1.9854033394657892e-05;мирон
мирослав;М;2500;3.102192717915296e-05;мирослав
митрофан;М;200;2.4817541743322365e-06;митрофан
митрофаний;М;2;2.4817541743322366e-08;митрофаний
михаил;М;100000;0.0012408770871661183;михаил
михайло;М;3300;4.0948943876481906e-05;михайло
михей;М;400;4.963508348664473e-06;михей
модест;М;200;2.4817541743322365e-06;модест
моисей;М;400;4.963508348664473e-06;моисей
мокей;М;100;1.2408770871661182e-06;мокей
мокий;М;27;3.3503681353485196e-07;мокий
мстислав;М;300;3.7226312614983547e-06;мстислав
назар;М;89000;0.0011043806075778453;назар
назарий;М;4000;4.963508348664473e-05;назарий
наполеон;М;1000;1.2408770871661182e-05;наполеон
настас;М;915;1.1354025347569982e-05;настас
настасий;М;142;1.762045463775888e-06;настасий
натан;М;3000;3.722631261498355e-05;натан
наум;М;4000;4.963508348664473e-05;наум
нектарий;М;80;9.927016697328947e-07;нектарий
нестер;М;4000;4.963508348664473e-05;нестер
нестор;М;5000;6.204385435830592e-05;нестор
нефед;М;200;2.4817541743322365e-06;нефёд
никандр;М;973;1.207373405812633e-05;никандр
никанор;М;2000;2.4817541743322365e-05;никанор
никифор;М;2000;2.4817541743322365e-05;никифор
никодим;М;2000;2.4817541743322365e-05;никодим
николай;М;2000000;0.024817541743322367;николай
никон;М;3000;3.722631261498355e-05;никон
нил;М;4000;4.963508348664473e-05;нил
нифонт;М;948;1.1763514786334802e-05;нифонт
ной;М;7000;8.686139610162828e-05;ной
октавиан;М;955;1.185037618243643e-05;октавиан
октавий;М;46;5.708034600964144e-07;октавий
октябрин;М;81;1.0051104406045559e-06;октябрин
олег;М;2000000;0.024817541743322367;олег
олимпий;М;888;1.101898853403513e-05;олимпий
онисим;М;533;6.61387487459541e-06;онисим
онуфрий;М;1000;1.2408770871661182e-05;онуфрий
орест;М;10000;0.00012408770871661184;орест
орион;М;7000;8.686139610162828e-05;орион
осип;М;2000;2.4817541743322365e-05;осип
остап;М;14000;0.00017372279220325657;остап
остромир;М;753;9.34380446636087e-06;остромир
павел;М;1000000;0.012408770871661184;павел
павлин;М;2000;2.4817541743322365e-05;павлин
паисий;М;1000;1.2408770871661182e-05;паисий
палладий;М;350;4.343069805081414e-06;палладий
памфил;М;49;6.080297727113979e-07;памфил
памфилий;М;19;2.3576664656156247e-07;памфилий
панкрат;М;2000;2.4817541743322365e-05;панкрат
панкратий;М;678;8.413146650986282e-06;панкратий
пантелей;М;2000;2.4817541743322365e-05;пантелей
пантелеймон;М;1000;1.2408770871661182e-05;пантелеймон
пантелимон;М;63;7.817525649146545e-07;пантелимон
панфил;М;1000;1.2408770871661182e-05;панфил
панфилий;М;74;9.182490445029275e-07;панфилий
парамон;М;2000;2.4817541743322365e-05;парамон
пармен;М;83;1.0299279823478783e-06;пармён
парфен;М;1000;1.2408770871661182e-05;парфён
парфений;М;356;4.417522430311381e-06;парфений
парфентий;М;66;8.189788775296381e-07;парфентий
патапий;М;1;1.2408770871661183e-08;патапий
патрикей;М;221;2.7423383626371213e-06;патрикей
патрикий;М;27;3.3503681353485196e-07;патрикий
пафнутий;М;913;1.132920780582666e-05;пафнутий
пахом;М;2000;2.4817541743322365e-05;пахом
пахомий;М;83;1.0299279823478783e-06;пахомий
пегас;М;3000;3.722631261498355e-05;пегас
перфилий;М;24;2.978105009198684e-07;перфилий
петр;М;335000;0.004156938242006496;пётр
пимен;М;1000;1.2408770871661182e-05;пимен
платон;М;11000;0.00013649647958827301;платон
полиевкт;М;28;3.474455844065131e-07;полиевкт
полиект;М;27;3.3503681353485196e-07;полиект
поликарп;М;2000;2.4817541743322365e-05;поликарп
поликарпий;М;16;1.9854033394657893e-07;поликарпий
полинарий;М;12;1.489052504599342e-07;полинарий
порфир;М;86;1.0671542949628617e-06;порфир
порфирий;М;1000;1.2408770871661182e-05;порфирий
потап;М;4000;4.963508348664473e-05;потап
пров;М;2000;2.4817541743322365e-05;пров
прокл;М;925;1.1478113056286595e-05;прокл
прокоп;М;3000;3.722631261498355e-05;прокоп
прокопий;М;1000;1.2408770871661182e-05;прокопий
прокофий;М;1000;1.2408770871661182e-05;прокофий
протас;М;3000;3.722631261498355e-05;протас
протасий;М;30;3.722631261498355e-07;протасий
прохор;М;9000;0.00011167893784495065;прохор
радий;М;3000;3.722631261498355e-05;радий
радимир;М;468;5.807304767937434e-06;радимир
радислав;М;3000;3.722631261498355e-05;радислав
радомир;М;2000;2.4817541743322365e-05;радомир
разумник;М;84;1.0423367532195393e-06;разумник
ратибор;М;3000;3.722631261498355e-05;ратибор
ратмир;М;8000;9.927016697328946e-05;ратмир
рафаил;М;6000;7.44526252299671e-05;рафаил
рем;М;5000;6.204385435830592e-05;рем
ренат;М;63000;0.0007817525649146545;ренат
рим;М;234000;0.0029036523839687167;рим
роберт;М;56000;0.0006948911688130263;роберт
родион;М;44000;0.0005459859183530921;родион
родислав;М;138;1.7124103802892432e-06;родислав
роман;М;1000000;0.012408770871661184;роман
ромил;М;423;5.24891007871268e-06;ромил
ростислав;М;51000;0.0006328473144547204;ростислав
рубен;М;9000;0.00011167893784495065;рубен
рувим;М;824;1.0224827198248815e-05;рувим
рувин;М;43;5.335771474814308e-07;рувин
руслан;М;948000;0.011763514786334802;руслан
рюрик;М;2000;2.4817541743322365e-05;рюрик
савва;М;9000;0.00011167893784495065;савва
савватей;М;38;4.7153329312312494e-07;савватей
савватий;М;764;9.480300945949144e-06;савватий
савелий;М;20000;0.0002481754174332237;савелий
саверий;М;20;2.4817541743322367e-07;саверий
савел;М;167;2.0722647355674173e-06;савел
самойла;М;11;1.36496479588273e-07;самойла
самсон;М;6000;7.44526252299671e-05;самсон
самуил;М;3000;3.722631261498355e-05;самуил
светислав;М;73;9.058402736312664e-07;светислав
светозар;М;2000;2.4817541743322365e-05;светозар
свирид;М;4000;4.963508348664473e-05;свирид
святогор;М;2000;2.4817541743322365e-05;святогор
святополк;М;1000;1.2408770871661182e-05;святополк
святослав;М;50000;0.0006204385435830592;святослав
севастиан;М;75;9.306578153745887e-07;севастиан
севастьян;М;2000;2.4817541743322365e-05;севастьян
север;М;22000;0.00027299295917654603;север
северин;М;10000;0.00012408770871661184;северин
северьян;М;247;3.064966405300312e-06;северьян
селиван;М;1000;1.2408770871661182e-05;селиван
селиверст;М;761;9.44307463333416e-06;селивёрст
селифан;М;33;4.0948943876481905e-07;селифан
семен;М;169000;0.00209708227731074;семён
серапион;М;117;1.4518261919843584e-06;серапион
серафим;М;7000;8.686139610162828e-05;серафим
сергей;М;5000000;0.062043854358305915;сергей
сергий;М;32000;0.00039708066789315784;сергий
сидор;М;7000;8.686139610162828e-05;сидор
силантий;М;934;1.1589791994131544e-05;силантий
сильван;М;892;1.1068623617521775e-05;сильван
сильверст;М;2;2.4817541743322366e-08;сильвёрст
сильвестр;М;2000;2.4817541743322365e-05;сильвестр
сильвий;М;2;2.4817541743322366e-08;сильвий
симеон;М;2000;2.4817541743322365e-05;симеон
симон;М;8000;9.927016697328946e-05;симон
славий;М;63;7.817525649146545e-07;славий
созон;М;92;1.1416069201928289e-06;созон
созонт;М;50;6.204385435830591e-07;созонт
созонтий;М;18;2.233578756899013e-07;созонтий
сократ;М;5000;6.204385435830592e-05;сократ
соломон;М;5000;6.204385435830592e-05;соломон
софон;М;750;9.306578153745887e-06;софон
софоний;М;20;2.4817541743322367e-07;софоний
софрон;М;846;1.049782015742536e-05;софрон
софроний;М;232;2.8788348422253945e-06;софроний
спартак;М;25000;0.0003102192717915296;спартак
спиридон;М;2000;2.4817541743322365e-05;спиридон
спиридоний;М;24;2.978105009198684e-07;спиридоний
станимир;М;1000;1.2408770871661182e-05;станимир
станислав;М;306000;0.003797083886728322;станислав
степан;М;142000;0.001762045463775888;степан
стефан;М;10000;0.00012408770871661184;стефан
сысой;М;587;7.283948501665114e-06;сысой
тарас;М;89000;0.0011043806075778453;тарас
тарасий;М;49;6.080297727113979e-07;тарасий
теодор;М;3000;3.722631261498355e-05;теодор
терентий;М;2000;2.4817541743322365e-05;терентий
тимофей;М;81000;0.001005110440604556;тимофей
тимур;М;319000;0.003958397908059917;тимур
тит;М;3000;3.722631261498355e-05;тит
тихомир;М;874;1.0845265741831874e-05;тихомир
тихон;М;12000;0.0001489052504599342;тихон
трифилий;М;22;2.72992959176546e-07;трифилий
трифон;М;2000;2.4817541743322365e-05;трифон
троадий;М;5;6.204385435830592e-08;троадий
трофим;М;6000;7.44526252299671e-05;трофим
фабиан;М;530;6.576648561980427e-06;фабиан
фавий;М;11;1.36496479588273e-07;фавий
фавст;М;9;1.1167893784495065e-07;фавст
фаддей;М;223;2.7671559043804437e-06;фаддей
фадей;М;1000;1.2408770871661182e-05;фадей
фаста;М;128;1.5883226715726314e-06;фаста
фауст;М;2000;2.4817541743322365e-05;фауст
федос;М;785;9.740885134254028e-06;федос
федосей;М;212;2.630659424792171e-06;федосей
федосий;М;851;1.0559864011783667e-05;федосий
федот;М;4000;4.963508348664473e-05;федот
федотий;М;30;3.722631261498355e-07;федотий
феликс;М;23000;0.00028540173004820723;феликс
феноген;М;5;6.204385435830592e-08;феноген
феодосий;М;519;6.440152082392154e-06;феодосий
феоктист;М;826;1.0249644739992136e-05;феоктист
феофан;М;2000;2.4817541743322365e-05;феофан
феофил;М;135;1.6751840676742596e-06;феофил
феофилакт;М;67;8.313876484012993e-07;феофилакт
ферапонт;М;793;9.840155301227318e-06;ферапонт
филарет;М;1000;1.2408770871661182e-05;филарет
филат;М;572;7.097816938590197e-06;филат
филимон;М;2000;2.4817541743322365e-05;филимон
филипий;М;33;4.0948943876481905e-07;филипий
филипп;М;40000;0.0004963508348664474;филипп
филогоний;М;1;1.2408770871661183e-08;филогоний
филофей;М;32;3.9708066789315785e-07;филофей
фирс;М;2000;2.4817541743322365e-05;фирс
флавиан;М;43;5.335771474814308e-07;флавиан
флавий;М;119;1.4766437337276808e-06;флавий
флегонт;М;93;1.15401569106449e-06;флегонт
флорий;М;8;9.927016697328946e-08;флорий
фока;М;2000;2.4817541743322365e-05;фока
фома;М;5000;6.204385435830592e-05;фома
фотий;М;958;1.1887602495051413e-05;фотий
федор;М;166000;0.002059855964695756;фёдор
фрол;М;4000;4.963508348664473e-05;фрол
харитон;М;3000;3.722631261498355e-05;харитон
харламп;М;70;8.686139610162828e-07;харламп
харлампий;М;931;1.1552565681516561e-05;харлампий
хома;М;7000;8.686139610162828e-05;хома
хрисанф;М;38;4.7153329312312494e-07;хрисанф
христофор;М;3000;3.722631261498355e-05;христофор
эдуард;М;279000;0.00346204707319347;эдуард
элладий;М;10;1.2408770871661184e-07;элладий
эллий;М;5;6.204385435830592e-08;эллий
эллин;М;211;2.6182506539205097e-06;эллин
эмилиан;М;110;1.36496479588273e-06;эмилиан
эмилий;М;114;1.4145998793693748e-06;эмилий
эммануил;М;2000;2.4817541743322365e-05;эммануил
эраст;М;2000;2.4817541743322365e-05;эраст
эрнест;М;12000;0.0001489052504599342;эрнест
эрос;М;122;1.5138700463426642e-06;эрос
ювеналий;М;1000;1.2408770871661182e-05;ювеналий
юлиан;М;9000;0.00011167893784495065;юлиан
юлий;М;8000;9.927016697328946e-05;юлий
юрий;М;1000000;0.012408770871661184;юрий
яким;М;2000;2.4817541743322365e-05;яким
яков;М;45000;0.0005583946892247533;яков
январий;М;11;1.36496479588273e-07;январий
януарий;М;651;8.07810983745143e-06;януарий
ярополк;М;1000;1.2408770871661182e-05;ярополк
ярослав;М;245000;0.0030401488635569897;ярослав
ясон;М;602;7.470080064740032e-06;ясон
абагор;М;5;6.204385435830592e-08;абагор
авда;М;2000;2.4817541743322365e-05;авда
авделай;М;5;6.204385435830592e-08;авделай
авдон;М;2000;2.4817541743322365e-05;авдон
авид;М;46;5.708034600964144e-07;авид
авундий;М;8;9.927016697328946e-08;авундий
агав;М;37;4.5912452225146374e-07;агав
агавва;М;2;2.4817541743322366e-08;агавва
агапион;М;1;1.2408770871661183e-08;агапион
агапон;М;17;2.109491048182401e-07;агапон
агафодор;М;4;4.963508348664473e-08;агафодор
аггел;М;9;1.1167893784495065e-07;аггел
аглаий;М;1;1.2408770871661183e-08;аглаий
агн;М;56;6.948911688130262e-07;агн
агний;М;52;6.452560853263815e-07;агний
агрикола;М;13;1.6131402133159538e-07;агрикола
агриппа;М;37;4.5912452225146374e-07;агриппа
аетий;М;3;3.722631261498355e-08;аетий
азадан;М;6;7.44526252299671e-08;азадан
акентий;М;6;7.44526252299671e-08;акентий
акундин;М;2;2.4817541743322366e-08;акундин
акутион;М;3;3.722631261498355e-08;акутион
александрин;М;1000;1.2408770871661182e-05;александрин
алферий;М;7;8.686139610162828e-08;алферий
алфер;М;64;7.941613357863157e-07;алфёр
аммон;М;51;6.328473144547203e-07;аммон
аммоний;М;45;5.583946892247532e-07;аммоний
амплий;М;1;1.2408770871661183e-08;амплий
амфиан;М;3;3.722631261498355e-08;амфиан
амфил;М;2;2.4817541743322366e-08;амфил
ананья;М;3;3.722631261498355e-08;ананья
ангеляр;М;2;2.4817541743322366e-08;ангеляр
ангий;М;6;7.44526252299671e-08;ангий
аниан;М;6;7.44526252299671e-08;аниан
анос;М;115;1.427008650241036e-06;анос
антигон;М;7;8.686139610162828e-08;антигон
анувий;М;2;2.4817541743322366e-08;анувий
анфимий;М;2;2.4817541743322366e-08;анфимий
анцифер;М;32;3.9708066789315785e-07;анцифер
апеллий;М;1;1.2408770871661183e-08;апеллий
аполл;М;10;1.2408770871661184e-07;аполл
апрон;М;43;5.335771474814308e-07;апрон
аристион;М;2;2.4817541743322366e-08;аристион
армений;М;26;3.2262804266319076e-07;армений
аронос;М;1;1.2408770871661183e-08;аронос
архелай;М;2;2.4817541743322366e-08;архелай
архипп;М;27;3.3503681353485196e-07;архипп
аскалон;М;77;9.55475357117911e-07;аскалон
астий;М;2;2.4817541743322366e-08;астий
аттий;М;1;1.2408770871661183e-08;аттий
афинодор;М;19;2.3576664656156247e-07;афинодор
афр;М;56;6.948911688130262e-07;афр
афросин;М;260;3.2262804266319076e-06;афросин
аффоний;М;2;2.4817541743322366e-08;аффоний
ахаик;М;1;1.2408770871661183e-08;ахаик
ахила;М;10;1.2408770871661184e-07;ахила
ахилл;М;98;1.2160595454227958e-06;ахилл
ахия;М;25;3.1021927179152956e-07;ахия
аэтий;М;1;1.2408770871661183e-08;аэтий
бажен;М;1000;1.2408770871661182e-05;бажен
баиан;М;5;6.204385435830592e-08;баиан
белослав;М;69;8.562051901446216e-07;белослав
благослав;М;15;1.8613156307491775e-07;благослав
боримир;М;141;1.7496366929042268e-06;боримир
братислав;М;262;3.25109796837523e-06;братислав
британий;М;10;1.2408770871661184e-07;британий
брячислав;М;10;1.2408770871661184e-07;брячислав
валентион;М;1;1.2408770871661183e-08;валентион
валтасар;М;30;3.722631261498355e-07;валтасар
вар;М;12000;0.0001489052504599342;вар
варадат;М;7;8.686139610162828e-08;варадат
варак;М;33;4.0948943876481905e-07;варак
варахиил;М;13;1.6131402133159538e-07;варахиил
варвар;М;1000;1.2408770871661182e-05;варвар
варлаам;М;964;1.1962055120281381e-05;варлаам
варсава;М;15;1.8613156307491775e-07;варсава
варсис;М;1;1.2408770871661183e-08;варсис
варух;М;19;2.3576664656156247e-07;варух
василей;М;95;1.1788332328078125e-06;василей
василид;М;2;2.4817541743322366e-08;василид
василион;М;4;4.963508348664473e-08;василион
василиск;М;293;3.6357698653967268e-06;василиск
василько;М;1000;1.2408770871661182e-05;василько
васс;М;219;2.717520820893799e-06;васс
ват;М;15000;0.00018613156307491774;ват
вата;М;2000;2.4817541743322365e-05;вата
вахрам;М;77;9.55475357117911e-07;вахрам
вахрамей;М;8;9.927016697328946e-08;вахрамей
вахтисий;М;1;1.2408770871661183e-08;вахтисий
велизарий;М;8;9.927016697328946e-08;велизарий
вендимиан;М;2;2.4817541743322366e-08;вендимиан
венерий;М;4;4.963508348664473e-08;венерий
венир;М;164;2.035038422952434e-06;венир
верк;М;140;1.7372279220325656e-06;верк
вероник;М;268;3.325550593605197e-06;вероник
вианор;М;190;2.357666465615625e-06;вианор
вивин;М;17;2.109491048182401e-07;вивин
викторик;М;42;5.211683766097696e-07;викторик
вир;М;867;1.0758404345730246e-05;вир
вирий;М;27;3.3503681353485196e-07;вирий
вирилад;М;1;1.2408770871661183e-08;вирилад
вис;М;6000;7.44526252299671e-05;вис
витал;М;2000;2.4817541743322365e-05;витал
виталиан;М;17;2.109491048182401e-07;виталиан
володарь;М;27;3.3503681353485196e-07;володарь
всемил;М;91;1.1291981493211677e-06;всемил
галик;М;100;1.2408770871661182e-06;галик
гарон;М;10;1.2408770871661184e-07;гарон
гемелл;М;1;1.2408770871661183e-08;гемелл
германик;М;4;4.963508348664473e-08;германик
гилар;М;2;2.4817541743322366e-08;гилар
гонор;М;18;2.233578756899013e-07;гонор
горазд;М;10;1.2408770871661184e-07;горазд
гордиан;М;3;3.722631261498355e-08;гордиан
гостомысл;М;71;8.81022731887944e-07;гостомысл
гран;М;6000;7.44526252299671e-05;гран
гремислав;М;83;1.0299279823478783e-06;гремислав
гурей;М;31;3.8467189702149665e-07;гурей
дагар;М;4;4.963508348664473e-08;дагар
дамиан;М;68;8.437964192729604e-07;дамиан
дат;М;200;2.4817541743322365e-06;дат
дей;М;1800;2.233578756899013e-05;дей
див;М;71;8.81022731887944e-07;див
дидим;М;200;2.4817541743322365e-06;дидим
дий;М;16;1.9854033394657893e-07;дий
димас;М;1400;1.7372279220325655e-05;димас
димитриан;М;1;1.2408770871661183e-08;димитриан
диоген;М;26;3.2262804266319076e-07;диоген
диодор;М;4;4.963508348664473e-08;диодор
дион;М;43;5.335771474814308e-07;дион
дисан;М;3;3.722631261498355e-08;дисан
добромил;М;1;1.2408770871661183e-08;добромил
довмонт;М;5;6.204385435830592e-08;довмонт
домнин;М;300;3.7226312614983547e-06;домнин
доцент;М;8000;9.927016697328946e-05;доцент
драгутин;М;4;4.963508348664473e-08;драгутин
дука;М;400;4.963508348664473e-06;дука
евпсихий;М;1;1.2408770871661183e-08;евпсихий
евсевий;М;3;3.722631261498355e-08;евсевий
евтей;М;1;1.2408770871661183e-08;евтей
еким;М;21;2.605841883048848e-07;еким
елеазар;М;6;7.44526252299671e-08;елеазар
елим;М;6;7.44526252299671e-08;елим
елпидифор;М;5;6.204385435830592e-08;елпидифор
еммануил;М;28;3.474455844065131e-07;еммануил
енох;М;3;3.722631261498355e-08;енох
ерм;М;33;4.0948943876481905e-07;ерм
ермий;М;2;2.4817541743322366e-08;ермий
ермол;М;15;1.8613156307491775e-07;ермол
ерон;М;6;7.44526252299671e-08;ерон
ерос;М;6;7.44526252299671e-08;ерос
ерусалим;М;28;3.474455844065131e-07;ерусалим
еспер;М;1;1.2408770871661183e-08;еспер
ждан;М;400;4.963508348664473e-06;ждан
занифа;М;7;8.686139610162828e-08;занифа
звездан;М;2;2.4817541743322366e-08;звездан
зевин;М;18;2.233578756899013e-07;зевин
зот;М;32;3.9708066789315785e-07;зот
иезекииль;М;6;7.44526252299671e-08;иезекииль
иеремия;М;7;8.686139610162828e-08;иеремия
измарагд;М;1;1.2408770871661183e-08;измарагд
илий;М;200;2.4817541743322365e-06;илий
иоаким;М;2;2.4817541743322366e-08;иоаким
иоасаф;М;1;1.2408770871661183e-08;иоасаф
ираклеон;М;1;1.2408770871661183e-08;ираклеон
иринарх;М;4;4.963508348664473e-08;иринарх
иродион;М;4;4.963508348664473e-08;иродион
истислав;М;4;4.963508348664473e-08;истислав
иувеналий;М;1;1.2408770871661183e-08;иувеналий
иуда;М;75;9.306578153745887e-07;иуда
иулиан;М;4;4.963508348664473e-08;иулиан
иуст;М;6;7.44526252299671e-08;иуст
кай;М;1000;1.2408770871661182e-05;кай
каленик;М;400;4.963508348664473e-06;каленик
каллимах;М;2;2.4817541743322366e-08;каллимах
каллиопий;М;1;1.2408770871661183e-08;каллиопий
каллист;М;2;2.4817541743322366e-08;каллист
каллисфен;М;2;2.4817541743322366e-08;каллисфен
камилл;М;13;1.6131402133159538e-07;камилл
кандид;М;2;2.4817541743322366e-08;кандид
кандидий;М;1;1.2408770871661183e-08;кандидий
капик;М;8;9.927016697328946e-08;капик
карион;М;6;7.44526252299671e-08;карион
кассиан;М;2;2.4817541743322366e-08;кассиан
кастор;М;25;3.1021927179152956e-07;кастор
кастрихий;М;1;1.2408770871661183e-08;кастрихий
катун;М;9;1.1167893784495065e-07;катун
кварт;М;49;6.080297727113979e-07;кварт
квинт;М;100;1.2408770871661182e-06;квинт
келестин;М;1;1.2408770871661183e-08;келестин
кесарь;М;28;3.474455844065131e-07;кесарь
кион;М;3;3.722631261498355e-08;кион
кириан;М;1;1.2408770871661183e-08;кириан
кирик;М;700;8.686139610162828e-06;кирик
кифа;М;59;7.321174814280098e-07;кифа
козьма;М;200;2.4817541743322365e-06;козьма
корнила;М;1;1.2408770871661183e-08;корнила
косма;М;38;4.7153329312312494e-07;косма
косьма;М;2;2.4817541743322366e-08;косьма
крисп;М;4;4.963508348664473e-08;крисп
кронид;М;10;1.2408770871661184e-07;кронид
ксанф;М;5;6.204385435830592e-08;ксанф
куарт;М;2;2.4817541743322366e-08;куарт
кукша;М;75;9.306578153745887e-07;кукша
кутоний;М;1;1.2408770871661183e-08;кутоний
ладимир;М;1000;1.2408770871661182e-05;ладимир
лактион;М;15;1.8613156307491775e-07;лактион
лампад;М;4;4.963508348664473e-08;лампад
ларг;М;14;1.7372279220325655e-07;ларг
лексей;М;1000;1.2408770871661182e-05;лексей
лель;М;2000;2.4817541743322365e-05;лель
ленин;М;9000;0.00011167893784495065;ленин
леонт;М;21;2.605841883048848e-07;леонт
либерат;М;1;1.2408770871661183e-08;либерат
ливаний;М;1;1.2408770871661183e-08;ливаний
ливий;М;73;9.058402736312664e-07;ливий
ликарион;М;62;7.693437940429933e-07;ликарион
лимний;М;1;1.2408770871661183e-08;лимний
лиодор;М;3;3.722631261498355e-08;лиодор
липат;М;37;4.5912452225146374e-07;липат
листрат;М;9;1.1167893784495065e-07;листрат
логгин;М;9;1.1167893784495065e-07;логгин
лолий;М;7;8.686139610162828e-08;лолий
лоллий;М;10;1.2408770871661184e-07;лоллий
лот;М;18000;0.0002233578756899013;лот
лукий;М;146;1.8116805472625328e-06;лукий
лукиллиан;М;2;2.4817541743322366e-08;лукиллиан
луп;М;716;8.884679944109407e-06;луп
лупан;М;2000;2.4817541743322365e-05;лупан
лучезар;М;916;1.1366434118441643e-05;лучезар
людмил;М;699;8.673730839291166e-06;людмил
люций;М;251;3.114601488786957e-06;люций
мавр;М;915;1.1354025347569982e-05;мавр
мавродий;М;549;6.81241520854199e-06;мавродий
мавсима;М;8;9.927016697328946e-08;мавсима
магистриан;М;1;1.2408770871661183e-08;магистриан
магн;М;35;4.343069805081414e-07;магн
македон;М;1000;1.2408770871661182e-05;македон
македоний;М;22;2.72992959176546e-07;македоний
макровий;М;4;4.963508348664473e-08;макровий
максентий;М;2;2.4817541743322366e-08;максентий
максиан;М;33;4.0948943876481905e-07;максиан
мал;М;3000;3.722631261498355e-05;мал
малафей;М;356;4.417522430311381e-06;малафей
малахия;М;9;1.1167893784495065e-07;малахия
малей;М;1000;1.2408770871661182e-05;малей
мамант;М;41;5.087596057381085e-07;мамант
мануйло;М;491;6.092706497985641e-06;мануйло
мардоний;М;1;1.2408770871661183e-08;мардоний
марес;М;49;6.080297727113979e-07;марес
маресий;М;1;1.2408770871661183e-08;маресий
марий;М;520000;0.006452560853263815;марий
маркелл;М;164;2.035038422952434e-06;маркелл
маркеллин;М;1;1.2408770871661183e-08;маркеллин
маркий;М;9;1.1167893784495065e-07;маркий
марон;М;460;5.708034600964144e-06;марон
марсалий;М;3;3.722631261498355e-08;марсалий
мартиан;М;10;1.2408770871661184e-07;мартиан
матфей;М;505;6.266429290188898e-06;матфей
матфий;М;13;1.6131402133159538e-07;матфий
мемнон;М;10;1.2408770871661184e-07;мемнон
менандр;М;1;1.2408770871661183e-08;менандр
меней;М;14;1.7372279220325655e-07;меней
менелай;М;13;1.6131402133159538e-07;менелай
микита;М;2000;2.4817541743322365e-05;микита
микифор;М;2;2.4817541743322366e-08;микифор
милетий;М;13;1.6131402133159538e-07;милетий
милован;М;851;1.0559864011783667e-05;милован
милонег;М;49;6.080297727113979e-07;милонег
милорад;М;190;2.357666465615625e-06;милорад
милютин;М;5000;6.204385435830592e-05;милютин
миней;М;41;5.087596057381085e-07;миней
минеон;М;1;1.2408770871661183e-08;минеон
миракс;М;410;5.087596057381085e-06;миракс
мисаил;М;106;1.3153297123960854e-06;мисаил
митродор;М;3;3.722631261498355e-08;митродор
навкратий;М;2;2.4817541743322366e-08;навкратий
наль;М;97;1.2036507745511346e-06;наль
наркисс;М;3;3.722631261498355e-08;наркисс
нарс;М;133;1.6503665259309374e-06;нарс
нарцисс;М;450;5.583946892247532e-06;нарцисс
наталий;М;149;1.8489068598775162e-06;наталий
нафан;М;32;3.9708066789315785e-07;нафан
нафанаил;М;173;2.1467173607973845e-06;нафанаил
неемия;М;24;2.978105009198684e-07;неемия
неон;М;2000;2.4817541743322365e-05;неон
неофит;М;909;1.1279572722340015e-05;неофит
нигер;М;13000;0.00016131402133159537;нигер
никий;М;15;1.8613156307491775e-07;никий
никола;М;15000;0.00018613156307491774;никола
никострат;М;1;1.2408770871661183e-08;никострат
никтополион;М;2;2.4817541743322366e-08;никтополион
нимфа;Ж;1000;1.2408770871661182e-05;нимфа
нирс;М;77;9.55475357117911e-07;нирс
нирса;М;11;1.36496479588273e-07;нирса
нит;М;7000;8.686139610162828e-05;нит
нифантий;М;2;2.4817541743322366e-08;нифантий
новомир;М;101;1.2532858580377794e-06;новомир
нонн;М;12;1.489052504599342e-07;нонн
океан;М;7000;8.686139610162828e-05;океан
олимп;М;17000;0.00021094910481824012;олимп
олимпан;М;2;2.4817541743322366e-08;олимпан
олимпиад;М;62;7.693437940429933e-07;олимпиад
олимпиан;М;1;1.2408770871661183e-08;олимпиан
ольвиан;М;2;2.4817541743322366e-08;ольвиан
онисий;М;4;4.963508348664473e-08;онисий
онисифор;М;29;3.598543552781743e-07;онисифор
павсикакий;М;19;2.3576664656156247e-07;павсикакий
пактовий;М;2;2.4817541743322366e-08;пактовий
палагей;М;13;1.6131402133159538e-07;палагей
палатин;М;177;2.1963524442840293e-06;палатин
памфалон;М;1;1.2408770871661183e-08;памфалон
памфамир;М;1;1.2408770871661183e-08;памфамир
пантелеимон;М;44;5.45985918353092e-07;пантелеимон
панфер;М;26;3.2262804266319076e-07;панфёр
панхарий;М;1;1.2408770871661183e-08;панхарий
папий;М;206;2.5562067995622037e-06;папий
папила;М;1;1.2408770871661183e-08;папила
пард;М;74;9.182490445029275e-07;пард
паригорий;М;3;3.722631261498355e-08;паригорий
пармений;М;4;4.963508348664473e-08;пармений
парод;М;15;1.8613156307491775e-07;парод
патермуфий;М;2;2.4817541743322366e-08;патермуфий
патров;М;187;2.3204401530006413e-06;патров
патрокл;М;35;4.343069805081414e-07;патрокл
пелагей;М;77;9.55475357117911e-07;пелагей
пелей;М;14;1.7372279220325655e-07;пелей
пелий;М;5;6.204385435830592e-08;пелий
пеон;М;14;1.7372279220325655e-07;пеон
перегрин;М;67;8.313876484012993e-07;перегрин
пересвет;М;13000;0.00016131402133159537;пересвет
перфил;М;16;1.9854033394657893e-07;перфил
петроний;М;22;2.72992959176546e-07;петроний
пион;М;403;5.000734661279457e-06;пион
пионий;М;1;1.2408770871661183e-08;пионий
пиор;М;9;1.1167893784495065e-07;пиор
пирр;М;4000;4.963508348664473e-05;пирр
пист;М;16;1.9854033394657893e-07;пист
питирим;М;83;1.0299279823478783e-06;питирим
плутарх;М;33;4.0948943876481905e-07;плутарх
полиен;М;10;1.2408770871661184e-07;полиен
полихроний;М;5;6.204385435830592e-08;полихроний
полувий;М;1;1.2408770871661183e-08;полувий
полуект;М;1;1.2408770871661183e-08;полуект
полуэкт;М;71;8.81022731887944e-07;полуэкт
помпей;М;174;2.1591261316690457e-06;помпей
помпий;М;7;8.686139610162828e-08;помпий
понтий;М;626;7.7678905656599e-06;понтий
потит;М;2;2.4817541743322366e-08;потит
преп;М;1000;1.2408770871661182e-05;преп
приск;М;30;3.722631261498355e-07;приск
прокесс;М;2;2.4817541743322366e-08;прокесс
прокул;М;1;1.2408770871661183e-08;прокул
прот;М;507;6.29124683193222e-06;прот
протерий;М;1;1.2408770871661183e-08;протерий
протоген;М;2;2.4817541743322366e-08;протоген
псой;М;74;9.182490445029275e-07;псой
птоломей;М;16;1.9854033394657893e-07;птоломей
публий;М;32;3.9708066789315785e-07;публий
пуд;М;298;3.6978137197550323e-06;пуд
равула;М;2;2.4817541743322366e-08;равула
радим;М;2000;2.4817541743322365e-05;радим
рафил;М;384;4.764968014717895e-06;рафил
реас;М;74;9.182490445029275e-07;реас
рев;М;626;7.7678905656599e-06;рев
ревмир;М;101;1.2532858580377794e-06;ревмир
ревокат;М;2;2.4817541743322366e-08;ревокат
рикс;М;306;3.797083886728322e-06;рикс
ромодан;М;2000;2.4817541743322365e-05;ромодан
ромул;М;327;4.057668075033207e-06;ромул
рубентий;М;2;2.4817541743322366e-08;рубентий
рустик;М;5000;6.204385435830592e-05;рустик
руф;М;2000;2.4817541743322365e-05;руф
руфин;М;231;2.8664260713537333e-06;руфин
савастьян;М;16;1.9854033394657893e-07;савастьян
савин;М;42000;0.0005211683766097697;савин
савиниан;М;14;1.7372279220325655e-07;савиниан
садко;М;2000;2.4817541743322365e-05;садко
садок;М;876;1.0870083283575195e-05;садок
садоф;М;2;2.4817541743322366e-08;садоф
садофий;М;2;2.4817541743322366e-08;садофий
саламан;М;95;1.1788332328078125e-06;саламан
сальвий;М;2;2.4817541743322366e-08;сальвий
самей;М;67;8.313876484012993e-07;самей
самон;М;122;1.5138700463426642e-06;самон
сампсон;М;15;1.8613156307491775e-07;сампсон
сарвил;М;3;3.722631261498355e-08;сарвил
сасоний;М;1;1.2408770871661183e-08;сасоний
сатир;М;240;2.978105009198684e-06;сатир
саторин;М;40;4.963508348664473e-07;саторин
саторнин;М;1;1.2408770871661183e-08;саторнин
сатурнин;М;1;1.2408770871661183e-08;сатурнин
светлан;М;769;9.54234480030745e-06;светлан
световид;М;36;4.467157513798026e-07;световид
светолик;М;3;3.722631261498355e-08;светолик
севериан;М;23;2.854017300482072e-07;севериан
севир;М;18;2.233578756899013e-07;севир
секунд;М;757;9.393439549847515e-06;секунд
селевкий;М;1;1.2408770871661183e-08;селевкий
селиний;М;1;1.2408770871661183e-08;селиний
сивел;М;47;5.832122309680756e-07;сивел
сигиц;М;1;1.2408770871661183e-08;сигиц
сигней;М;12;1.489052504599342e-07;сигней
сикст;М;8;9.927016697328946e-08;сикст
сила;М;13000;0.00016131402133159537;сила
силан;М;153;1.898541943364161e-06;силан
силван;М;6;7.44526252299671e-08;силван
силвестр;М;39;4.839420639947861e-07;силвестр
силуан;М;66;8.189788775296381e-07;силуан
силуян;М;75;9.306578153745887e-07;силуян
сим;М;25000;0.0003102192717915296;сим
симфориан;М;1;1.2408770871661183e-08;симфориан
сисой;М;10;1.2408770871661184e-07;сисой
смарагд;М;96;1.1912420036794737e-06;смарагд
сопрон;М;3;3.722631261498355e-08;сопрон
сосипатр;М;32;3.9708066789315785e-07;сосипатр
соссий;М;5;6.204385435830592e-08;соссий
софония;М;3;3.722631261498355e-08;софония
спас;М;22000;0.00027299295917654603;спас
спирид;М;32;3.9708066789315785e-07;спирид
стахей;М;12;1.489052504599342e-07;стахей
стахий;М;122;1.5138700463426642e-06;стахий
стоян;М;6000;7.44526252299671e-05;стоян
стратилат;М;159;1.972994568594128e-06;стратилат
стратон;М;214;2.6554769665354933e-06;стратон
стратоник;М;4;4.963508348664473e-08;стратоник
стратор;М;18;2.233578756899013e-07;стратор
сухий;М;709;8.797818548007779e-06;сухий
таврион;М;62;7.693437940429933e-07;таврион
тарах;М;18;2.233578756899013e-07;тарах
таричан;М;1;1.2408770871661183e-08;таричан
твердислав;М;593;7.3584011268950815e-06;твердислав
творимир;М;769;9.54234480030745e-06;творимир
тертий;М;109;1.3525560250110688e-06;тертий
тиберий;М;239;2.965696238327023e-06;тиберий
тивуртий;М;1;1.2408770871661183e-08;тивуртий
тигр;М;7000;8.686139610162828e-05;тигр
тигрий;М;53;6.576648561980427e-07;тигрий
тимолай;М;4;4.963508348664473e-08;тимолай
тимон;М;3000;3.722631261498355e-05;тимон
тихик;М;3;3.722631261498355e-08;тихик
товий;М;46;5.708034600964144e-07;товий
товия;М;3;3.722631261498355e-08;товия
том;М;15000;0.00018613156307491774;том
торкват;М;1;1.2408770871661183e-08;торкват
транквиллин;М;4;4.963508348664473e-08;транквиллин
тривимий;М;1;1.2408770871661183e-08;тривимий
трифан;М;683;8.475190505344589e-06;трифан
трифил;М;1;1.2408770871661183e-08;трифил
турвон;М;3;3.722631261498355e-08;турвон
уар;М;366;4.541610139027993e-06;уар
увар;М;95;1.1788332328078125e-06;увар
увеналий;М;2;2.4817541743322366e-08;увеналий
укол;М;94;1.1664244619361513e-06;укол
ульян;М;2000;2.4817541743322365e-05;ульян
урбан;М;500;6.204385435830591e-06;урбан
урван;М;10;1.2408770871661184e-07;урван
уриил;М;2;2.4817541743322366e-08;уриил
урош;М;25;3.1021927179152956e-07;урош
устим;М;46;5.708034600964144e-07;устим
устин;М;200;2.4817541743322365e-06;устин
фабий;М;2;2.4817541743322366e-08;фабий
фал;М;8;9.927016697328946e-08;фал
фалалей;М;9;1.1167893784495065e-07;фалалей
фалей;М;50;6.204385435830591e-07;фалей
фан;М;3800;4.7153329312312493e-05;фан
фантин;М;2;2.4817541743322366e-08;фантин
феб;М;11;1.36496479588273e-07;феб
федр;М;200;2.4817541743322365e-06;федр
федул;М;26;3.2262804266319076e-07;федул
фелициан;М;1;1.2408770871661183e-08;фелициан
фемистокл;М;5;6.204385435830592e-08;фемистокл
феникс;М;1600;1.9854033394657892e-05;феникс
феогност;М;3;3.722631261498355e-08;феогност
феодор;М;61;7.569350231713321e-07;феодор
феодот;М;5;6.204385435830592e-08;феодот
ферм;М;24;2.978105009198684e-07;ферм
фетис;М;6;7.44526252299671e-08;фетис
филикс;М;1;1.2408770871661183e-08;филикс
филит;М;9;1.1167893784495065e-07;филит
филл;М;76;9.430665862462499e-07;филл
филолог;М;800;9.927016697328946e-06;филолог
филон;М;100;1.2408770871661182e-06;филон
философ;М;200;2.4817541743322365e-06;философ
флер;М;100;1.2408770871661182e-06;флёр
флорентий;М;9;1.1167893784495065e-07;флорентий
флорентин;М;56;6.948911688130262e-07;флорентин
флориан;М;23;2.854017300482072e-07;флориан
фортун;М;18;2.233578756899013e-07;фортун
фортунат;М;65;8.065701066579769e-07;фортунат
фот;М;200;2.4817541743322365e-06;фот
фотин;М;100;1.2408770871661182e-06;фотин
фофан;М;11;1.36496479588273e-07;фофан
фурс;М;300;3.7226312614983547e-06;фурс
фусик;М;1;1.2408770871661183e-08;фусик
харалампий;М;6;7.44526252299671e-08;харалампий
харит;М;5;6.204385435830592e-08;харит
харитоний;М;1;1.2408770871661183e-08;харитоний
харлам;М;27;3.3503681353485196e-07;харлам
хрисан;М;11;1.36496479588273e-07;хрисан
христиан;М;2000;2.4817541743322365e-05;христиан
худион;М;1;1.2408770871661183e-08;худион
цветан;М;943;1.1701470931976495e-05;цветан
цезарь;М;6000;7.44526252299671e-05;цезарь
целестин;М;11;1.36496479588273e-07;целестин
шалва;М;805;9.989060551687252e-06;шалва
эгидий;М;5;6.204385435830592e-08;эгидий
эдикт;М;55;6.82482397941365e-07;эдикт
элий;М;54;6.700736270697039e-07;элий
элим;М;251;3.114601488786957e-06;элим
эней;М;177;2.1963524442840293e-06;эней
эразм;М;167;2.0722647355674173e-06;эразм
ювентин;М;6;7.44526252299671e-08;ювентин
юст;М;2000;2.4817541743322365e-05;юст
юстин;М;223;2.7671559043804437e-06;юстин
юстиниан;М;105;1.3029209415244242e-06;юстиниан
язон;М;70;8.686139610162828e-07;язон
якун;М;29;3.598543552781743e-07;якун
яфет;М;28;3.474455844065131e-07;яфет
